#,Ref Designator,Part Number,value1,Descpition
1,R4107,AAA0000FB7CX,0_0402,
2,R3302,AAA0000FB7CX,0_0402,
3,R3304,AAA0000FB7CX,0_0402,
4,R4501,AAA0000FB7CX,0_0402,
5,R4502,AAA0000FB7CX,0_0402,
6,R3301,AAA0000FB7CX,0_0402,
7,R1701,AAA0000JA0CX,NC,
8,R3303,AAA0000JA0CX,0,
9,R3305,AAA0000JA0CX,0,
10,R3307,AAA0000JA0CX,NC,
11,R3308,AAA0000JA0CX,NC,
12,R1221,AAA0000JA0CX,0,
13,R6103,AAA0000JA0CX,0,
14,R6102,AAA0000JA0CX,0,
15,R4109,AAA0000JA0CX,0,
16,R6101,AAA0000JA0CX,0,
17,R6100,AAA0000JA0CX,0,
18,R4108,AAA0000JA0CX,0,
19,R5909,AAA0000JA0CX,NC,
20,R1704,AAA0000JA0CX,0,
21,R6107,AAA0000JA0CX,0,
22,R3206,AAA0000JA0CX,NC,
23,R1703,AAA0000JA0CX,NC,
24,R1205,AAA0000JA0CX,0,
25,R4110,AAA0000JA0CX,0,
26,R1702,AAA0000JA0CX,0,
27,R6106,AAA0000JA0CX,0,
28,R3209,AAA0000JA0CX,0,
29,R3207,AAA0000JA0CX,NC,
30,R3205,AAA0000JA0CX,NC,
31,R3204,AAA0000JA0CX,0,
32,R3203,AAA0000JA0CX,0,
33,R6105,AAA0000JA0CX,0,
34,R1204,AAA0000JA0CX,0,
35,R2104,AAA0000JA0CX,NC,
36,R6104,AAA0000JA0CX,0,
37,R5947,AAA0000JA8CX,NC,"Resistor,0 ohm,¡À5 %,1/20 W,0201,N/A"
38,R4104,AAA0000JA8CX,0,"Resistor,0 ohm,¡À5 %,1/20 W,0201,N/A"
39,R4203,AAA0000JA8CX,0,"Resistor,0 ohm,¡À5 %,1/20 W,0201,N/A"
40,R4204,AAA0000JA8CX,0,"Resistor,0 ohm,¡À5 %,1/20 W,0201,N/A"
41,R4205,AAA0000JA8CX,1.2 nH,"Resistor,0 ohm,¡À5 %,1/20 W,0201,N/A"
42,R4103,AAA0000JA8CX,0,"Resistor,0 ohm,¡À5 %,1/20 W,0201,N/A"
43,R4102,AAA0000JA8CX,0,"Resistor,0 ohm,¡À5 %,1/20 W,0201,N/A"
44,R4101,AAA0000JA8CX,0,"Resistor,0 ohm,¡À5 %,1/20 W,0201,N/A"
45,R4206,AAA0000JA8CX,0,"Resistor,0 ohm,¡À5 %,1/20 W,0201,N/A"
46,R4207,AAA0000JA8CX,0,"Resistor,0 ohm,¡À5 %,1/20 W,0201,N/A"
47,R4208,AAA0000JA8CX,0,"Resistor,0 ohm,¡À5 %,1/20 W,0201,N/A"
48,R4209,AAA0000JA8CX,0,"Resistor,0 ohm,¡À5 %,1/20 W,0201,N/A"
49,R4210,AAA0000JA8CX,0,"Resistor,0 ohm,¡À5 %,1/20 W,0201,N/A"
50,R4211,AAA0000JA8CX,0,"Resistor,0 ohm,¡À5 %,1/20 W,0201,N/A"
51,R4212,AAA0000JA8CX,0,"Resistor,0 ohm,¡À5 %,1/20 W,0201,N/A"
52,R4213,AAA0000JA8CX,0,"Resistor,0 ohm,¡À5 %,1/20 W,0201,N/A"
53,R4306,AAA0000JA8CX,0,"Resistor,0 ohm,¡À5 %,1/20 W,0201,N/A"
54,R4309,AAA0000JA8CX,0,"Resistor,0 ohm,¡À5 %,1/20 W,0201,N/A"
55,R4310,AAA0000JA8CX,0,"Resistor,0 ohm,¡À5 %,1/20 W,0201,N/A"
56,R4312,AAA0000JA8CX,0,"Resistor,0 ohm,¡À5 %,1/20 W,0201,N/A"
57,R4313,AAA0000JA8CX,0,"Resistor,0 ohm,¡À5 %,1/20 W,0201,N/A"
58,R4314,AAA0000JA8CX,0,"Resistor,0 ohm,¡À5 %,1/20 W,0201,N/A"
59,R4315,AAA0000JA8CX,0,"Resistor,0 ohm,¡À5 %,1/20 W,0201,N/A"
60,R4316,AAA0000JA8CX,0,"Resistor,0 ohm,¡À5 %,1/20 W,0201,N/A"
61,R4317,AAA0000JA8CX,0,"Resistor,0 ohm,¡À5 %,1/20 W,0201,N/A"
62,R4318,AAA0000JA8CX,0,"Resistor,0 ohm,¡À5 %,1/20 W,0201,N/A"
63,R4319,AAA0000JA8CX,0,"Resistor,0 ohm,¡À5 %,1/20 W,0201,N/A"
64,R4320,AAA0000JA8CX,NC,"Resistor,0 ohm,¡À5 %,1/20 W,0201,N/A"
65,R4321,AAA0000JA8CX,0 ohm,"Resistor,0 ohm,¡À5 %,1/20 W,0201,N/A"
66,R4401,AAA0000JA8CX,0,"Resistor,0 ohm,¡À5 %,1/20 W,0201,N/A"
67,R4402,AAA0000JA8CX,0,"Resistor,0 ohm,¡À5 %,1/20 W,0201,N/A"
68,R4403,AAA0000JA8CX,0,"Resistor,0 ohm,¡À5 %,1/20 W,0201,N/A"
69,R4404,AAA0000JA8CX,0,"Resistor,0 ohm,¡À5 %,1/20 W,0201,N/A"
70,R4405,AAA0000JA8CX,0,"Resistor,0 ohm,¡À5 %,1/20 W,0201,N/A"
71,R4406,AAA0000JA8CX,0,"Resistor,0 ohm,¡À5 %,1/20 W,0201,N/A"
72,R4407,AAA0000JA8CX,0,"Resistor,0 ohm,¡À5 %,1/20 W,0201,N/A"
73,R4409,AAA0000JA8CX,0,"Resistor,0 ohm,¡À5 %,1/20 W,0201,N/A"
74,R4411,AAA0000JA8CX,0,"Resistor,0 ohm,¡À5 %,1/20 W,0201,N/A"
75,R4412,AAA0000JA8CX,0,"Resistor,0 ohm,¡À5 %,1/20 W,0201,N/A"
76,R4416,AAA0000JA8CX,0,"Resistor,0 ohm,¡À5 %,1/20 W,0201,N/A"
77,R4417,AAA0000JA8CX,NC,"Resistor,0 ohm,¡À5 %,1/20 W,0201,N/A"
78,R4418,AAA0000JA8CX,0,"Resistor,0 ohm,¡À5 %,1/20 W,0201,N/A"
79,R4503,AAA0000JA8CX,0,"Resistor,0 ohm,¡À5 %,1/20 W,0201,N/A"
80,R4504,AAA0000JA8CX,0,"Resistor,0 ohm,¡À5 %,1/20 W,0201,N/A"
81,R4505,AAA0000JA8CX,0,"Resistor,0 ohm,¡À5 %,1/20 W,0201,N/A"
82,R4506,AAA0000JA8CX,0,"Resistor,0 ohm,¡À5 %,1/20 W,0201,N/A"
83,R4507,AAA0000JA8CX,0,"Resistor,0 ohm,¡À5 %,1/20 W,0201,N/A"
84,R4322,AAA0000JA8CX,NC,"Resistor,0 ohm,¡À5 %,1/20 W,0201,N/A"
85,R4515,AAA0000JA8CX,0,"Resistor,0 ohm,¡À5 %,1/20 W,0201,N/A"
86,R4519,AAA0000JA8CX,0,"Resistor,0 ohm,¡À5 %,1/20 W,0201,N/A"
87,R4520,AAA0000JA8CX,0,"Resistor,0 ohm,¡À5 %,1/20 W,0201,N/A"
88,R4533,AAA0000JA8CX,0,"Resistor,0 ohm,¡À5 %,1/20 W,0201,N/A"
89,R4534,AAA0000JA8CX,0,"Resistor,0 ohm,¡À5 %,1/20 W,0201,N/A"
90,R4535,AAA0000JA8CX,0,"Resistor,0 ohm,¡À5 %,1/20 W,0201,N/A"
91,R4536,AAA0000JA8CX,0,"Resistor,0 ohm,¡À5 %,1/20 W,0201,N/A"
92,R4601,AAA0000JA8CX,,"Resistor,0 ohm,¡À5 %,1/20 W,0201,N/A"
93,R4602,AAA0000JA8CX,,"Resistor,0 ohm,¡À5 %,1/20 W,0201,N/A"
94,R3403,AAA0000JA8CX,0,"Resistor,0 ohm,¡À5 %,1/20 W,0201,N/A"
95,R3402,AAA0000JA8CX,0,"Resistor,0 ohm,¡À5 %,1/20 W,0201,N/A"
96,R4605,AAA0000JA8CX,,"Resistor,0 ohm,¡À5 %,1/20 W,0201,N/A"
97,R4606,AAA0000JA8CX,,"Resistor,0 ohm,¡À5 %,1/20 W,0201,N/A"
98,R4202,AAA0000JA8CX,0,"Resistor,0 ohm,¡À5 %,1/20 W,0201,N/A"
99,R5945,AAA0000JA8CX,NC,"Resistor,0 ohm,¡À5 %,1/20 W,0201,N/A"
100,R4613,AAA0000JA8CX,,"Resistor,0 ohm,¡À5 %,1/20 W,0201,N/A"
101,R5955,AAA0000JA8CX,NC,"Resistor,0 ohm,¡À5 %,1/20 W,0201,N/A"
102,R4614,AAA0000JA8CX,,"Resistor,0 ohm,¡À5 %,1/20 W,0201,N/A"
103,R4615,AAA0000JA8CX,,"Resistor,0 ohm,¡À5 %,1/20 W,0201,N/A"
104,R5954,AAA0000JA8CX,NC,"Resistor,0 ohm,¡À5 %,1/20 W,0201,N/A"
105,R5946,AAA0000JA8CX,NC,"Resistor,0 ohm,¡À5 %,1/20 W,0201,N/A"
106,R4201,AAA0000JA8CX,0,"Resistor,0 ohm,¡À5 %,1/20 W,0201,N/A"
107,R5953,AAA0000JA8CX,0,"Resistor,0 ohm,¡À5 %,1/20 W,0201,N/A"
108,R5952,AAA0000JA8CX,0,"Resistor,0 ohm,¡À5 %,1/20 W,0201,N/A"
109,R4702,AAA0000JA8CX,0,"Resistor,0 ohm,¡À5 %,1/20 W,0201,N/A"
110,R5951,AAA0000JA8CX,0,"Resistor,0 ohm,¡À5 %,1/20 W,0201,N/A"
111,R5950,AAA0000JA8CX,0,"Resistor,0 ohm,¡À5 %,1/20 W,0201,N/A"
112,R5120,AAA0000JA8CX,0,"Resistor,0 ohm,¡À5 %,1/20 W,0201,N/A"
113,R5121,AAA0000JA8CX,NC,"Resistor,0 ohm,¡À5 %,1/20 W,0201,N/A"
114,R5905,AAA0000JA8CX,0,"Resistor,0 ohm,¡À5 %,1/20 W,0201,N/A"
115,R5906,AAA0000JA8CX,NC,"Resistor,0 ohm,¡À5 %,1/20 W,0201,N/A"
116,R4105,AAA0000JA8CX,0,"Resistor,0 ohm,¡À5 %,1/20 W,0201,N/A"
117,R5948,AAA0000JA8CX,NC,"Resistor,0 ohm,¡À5 %,1/20 W,0201,N/A"
118,R5914,AAA0000JC0CX,0_0603,
119,R4704,AAA0000JC0CX,0_0603,
120,R5911,AAA0000JC0CX,NC,
121,R4307,AAA0000JC6CX,NC,"Resistor,0 ohm,¡À5 %,1/10 W,0603,N/A"
122,R3406,AAA0000JD5CX,NC,"Resistor,0 ohm,¡À5 %,1/8 W,0805"
123,R3419,AAA0000JD5CX,0_0805,"Resistor,0 ohm,¡À5 %,1/8 W,0805"
124,R1303,AAA0101FA0CX,1.43K,
125,R1304,AAA0101FA0CX,1.43K,
126,R1301,AAA0101FA0CX,NC,
127,R1302,AAA0101FA0CX,4.02K,
128,R4508,AAA0102FA8CX,10K,
129,R4512,AAA0102FA8CX,10K,
130,R4514,AAA0102FA8CX,10K,
131,R4513,AAA0102FA8CX,10K,
132,R5114,AAA0102JA8CX,1K,"Resistor,1K ohm,¡À5 %,1/20 W,0201,N/A"
133,R5115,AAA0102JA8CX,1K,"Resistor,1K ohm,¡À5 %,1/20 W,0201,N/A"
134,R3401,AAA0103FA8CX,10K_1%,
135,R1210,AAA0103JA0CX,NC,
136,R1209,AAA0103JA0CX,NC,
137,R1208,AAA0103JA0CX,NC,
138,R1207,AAA0103JA0CX,NC,
139,R1206,AAA0103JA0CX,NC,
140,R2102,AAA0103JA0CX,10K,
141,R1102,AAA0103JA0CX,NC,
142,R1101,AAA0103JA0CX,NC,
143,R3221,AAA0103JA0CX,10K_5%,
144,R3113,AAA0103JA0CX,10K_1%,
145,R2103,AAA0103JA0CX,10K,
146,R1220,AAA0103JA0CX,NC,
147,R1219,AAA0103JA0CX,10k,
148,R1218,AAA0103JA0CX,NC,
149,R1217,AAA0103JA0CX,10k,
150,R1216,AAA0103JA0CX,10k,
151,R1215,AAA0103JA0CX,NC,
152,R1214,AAA0103JA0CX,10k,
153,R1213,AAA0103JA0CX,NC,
154,R3412,AAA0103JA8CX,NC,"Resistor,10K ohm,¡À5 %,1/20 W,0201,N/A"
155,R3414,AAA0103JA8CX,NC,"Resistor,10K ohm,¡À5 %,1/20 W,0201,N/A"
156,R5944,AAA0103JA8CX,NC,"Resistor,10K ohm,¡À5 %,1/20 W,0201,N/A"
157,R5908,AAA0103JA8CX,10K,"Resistor,10K ohm,¡À5 %,1/20 W,0201,N/A"
158,R3407,AAA0103JA8CX,NC,"Resistor,10K ohm,¡À5 %,1/20 W,0201,N/A"
159,R3413,AAA0103JA8CX,10K,"Resistor,10K ohm,¡À5 %,1/20 W,0201,N/A"
160,R3411,AAA0103JA8CX,10K,"Resistor,10K ohm,¡À5 %,1/20 W,0201,N/A"
161,R3408,AAA0103JA8CX,10k,"Resistor,10K ohm,¡À5 %,1/20 W,0201,N/A"
162,R5940,AAA0103JA8CX,NC,"Resistor,10K ohm,¡À5 %,1/20 W,0201,N/A"
163,R5107,AAA0103JA8CX,10K,"Resistor,10K ohm,¡À5 %,1/20 W,0201,N/A"
164,R5943,AAA0103JA8CX,NC,"Resistor,10K ohm,¡À5 %,1/20 W,0201,N/A"
165,R5106,AAA0103JA8CX,100k_5%,"Resistor,10K ohm,¡À5 %,1/20 W,0201,N/A"
166,R3420,AAA0103JA8CX,10k,"Resistor,10K ohm,¡À5 %,1/20 W,0201,N/A"
167,R5102,AAA0103JA8CX,100k_5%,"Resistor,10K ohm,¡À5 %,1/20 W,0201,N/A"
168,R5105,AAA0103JA8CX,100k_5%,"Resistor,10K ohm,¡À5 %,1/20 W,0201,N/A"
169,R5104,AAA0103JA8CX,100k_5%,"Resistor,10K ohm,¡À5 %,1/20 W,0201,N/A"
170,R3416,AAA0103JA8CX,10K,"Resistor,10K ohm,¡À5 %,1/20 W,0201,N/A"
171,R5103,AAA0103JA8CX,100k_5%,"Resistor,10K ohm,¡À5 %,1/20 W,0201,N/A"
172,R3118,AAA0103JA8CX,100k_5%,"Resistor,10K ohm,¡À5 %,1/20 W,0201,N/A"
173,R5101,AAA0103JA8CX,100k_5%,"Resistor,10K ohm,¡À5 %,1/20 W,0201,N/A"
174,R5910,AAA0103JA8CX,10K,"Resistor,10K ohm,¡À5 %,1/20 W,0201,N/A"
175,R3117,AAA0103JA8CX,200k_5%,"Resistor,10K ohm,¡À5 %,1/20 W,0201,N/A"
176,R3415,AAA0103JA8CX,10K,"Resistor,10K ohm,¡À5 %,1/20 W,0201,N/A"
177,R3208,AAA0104FA0CX,NC,
178,R3107,AAA0104FA0CX,100K,
179,R3112,AAA0104FA0CX,NC,
180,R3201,AAA0104FA0CX,100K_1%,
181,R3405,AAA0104FA8CX,24k_1%,"Resistor,100K ohm,¡À1 %,1/20 W,0201,N/A"
182,R4303,AAA0104FA8CX,100k_1%,"Resistor,100K ohm,¡À1 %,1/20 W,0201,N/A"
183,R4701,AAA0104FA8CX,100K,"Resistor,100K ohm,¡À1 %,1/20 W,0201,N/A"
184,R5903,AAA0105FA0CX,1M ohm,
185,R3404,AAA0105FA0CX,100k_1%,
186,R5901,AAA0105FA0CX,NC,
187,R3417,AAA0153JA8CX,10k,"Resistor,15K ohm,¡À5 %,1/20 W,0201,N/A"
188,R3409,AAA0201FA8CX,NC,"Resistor,200 ohm,¡À1 %,1/20 W,0201"
189,R3410,AAA0201FA8CX,NC,"Resistor,200 ohm,¡À1 %,1/20 W,0201"
190,R5108,AAA0201JA8CX,200 ohm_5%,"Resistor,200 ohm,¡À5 %,1/20 W,0201,N/A"
191,R5110,AAA0201JA8CX,200 ohm_5%,"Resistor,200 ohm,¡À5 %,1/20 W,0201,N/A"
192,R5111,AAA0201JA8CX,200 ohm_5%,"Resistor,200 ohm,¡À5 %,1/20 W,0201,N/A"
193,R5109,AAA0201JA8CX,200 ohm_5%,"Resistor,200 ohm,¡À5 %,1/20 W,0201,N/A"
194,R5112,AAA0201JA8CX,200 ohm_5%,"Resistor,200 ohm,¡À5 %,1/20 W,0201,N/A"
195,R5113,AAA0201JA8CX,200 ohm_5%,"Resistor,200 ohm,¡À5 %,1/20 W,0201,N/A"
196,R3220,AAA0203JA0CX,20K_5%,
197,R3116,AAA0203JA0CX,NC,
198,R3111,AAA0203JA0CX,20K_1%,
199,R5941,AAA0204FA0CX,NC,
200,R1202,AAA0222JA0CX,2.2K,
201,R1201,AAA0222JA0CX,2.2K,
202,R4608,AAA0222JA8CX,2K,
203,R1501,AAA0241FA8CX,240 ohm,
204,R2101,AAA0241FA8CX,240 ohm,
205,R3418,AAA0301JA8CX,NC,"Resistor,300 ohm,¡À5 %,1/20 W,0201,N/A"
206,R4703,AAA0304FA8CX,300K_1%,"Resistor,300K ohm,¡À1 %,1/20 W,0201"
207,R4603,AAA0500JA8CX,,"Resistor,50 ohm,¡À5 %,1/20 W,0201"
208,R4609,AAA0500JA8CX,NC,"Resistor,50 ohm,¡À5 %,1/20 W,0201"
209,R4612,AAA0500JA8CX,NC,"Resistor,50 ohm,¡À5 %,1/20 W,0201"
210,R4611,AAA0500JA8CX,NC,"Resistor,50 ohm,¡À5 %,1/20 W,0201"
211,R4610,AAA0500JA8CX,NC,"Resistor,50 ohm,¡À5 %,1/20 W,0201"
212,R4607,AAA0500JA8CX,,"Resistor,50 ohm,¡À5 %,1/20 W,0201"
213,R5912,AAA0682FA8CX,6.8k,
214,R1904,AAA0683FA8CX,68K_1%,"Resistor,68K ohm,¡À1 %,1/20 W,0201,N/A"
215,R5942,AAA0914FA8CX,NC,
216,R4304,AAC0104FB3CX,100K_NTC,"NTC Chip Thermistor,100K ohm,¡À1 %,35 mW,0402"
217,C4320,ABA05FBGACCX,NC,"Capacitor,0.5 pF,¡À0.1 pF,25 V,C0G,0201"
218,C4621,ABA05FBGACCX,,"Capacitor,0.5 pF,¡À0.1 pF,25 V,C0G,0201"
219,C4317,ABA05FBGACCX,3.3nH,"Capacitor,0.5 pF,¡À0.1 pF,25 V,C0G,0201"
220,C4644,ABA05FBGACCX,NC,"Capacitor,0.5 pF,¡À0.1 pF,25 V,C0G,0201"
221,C4619,ABA05FBGACCX,,"Capacitor,0.5 pF,¡À0.1 pF,25 V,C0G,0201"
222,C4630,ABA05FBGACCX,NC,"Capacitor,0.5 pF,¡À0.1 pF,25 V,C0G,0201"
223,C4362,ABA05FBGACCX,NC,"Capacitor,0.5 pF,¡À0.1 pF,25 V,C0G,0201"
224,C4363,ABA05FBGACCX,NC,"Capacitor,0.5 pF,¡À0.1 pF,25 V,C0G,0201"
225,C4306,ABA05FBGACCX,0.5pF,"Capacitor,0.5 pF,¡À0.1 pF,25 V,C0G,0201"
226,C4609,ABA05FBGACCX,,"Capacitor,0.5 pF,¡À0.1 pF,25 V,C0G,0201"
227,C4646,ABA05FBGACCX,NC,"Capacitor,0.5 pF,¡À0.1 pF,25 V,C0G,0201"
228,C4420,ABA05FBGACCX,0.5pF,"Capacitor,0.5 pF,¡À0.1 pF,25 V,C0G,0201"
229,C4251,ABA05FBGACCX,NC,"Capacitor,0.5 pF,¡À0.1 pF,25 V,C0G,0201"
230,C4639,ABA05FBGACCX,NC,"Capacitor,0.5 pF,¡À0.1 pF,25 V,C0G,0201"
231,C4357,ABA05FBGACCX,8.2nH,"Capacitor,0.5 pF,¡À0.1 pF,25 V,C0G,0201"
232,C4328,ABA05FBGACCX,NC,"Capacitor,0.5 pF,¡À0.1 pF,25 V,C0G,0201"
233,C4337,ABA05FBGACCX,NC,"Capacitor,0.5 pF,¡À0.1 pF,25 V,C0G,0201"
234,C4330,ABA05FBGACCX,0.5pF,"Capacitor,0.5 pF,¡À0.1 pF,25 V,C0G,0201"
235,C4226,ABA05FBGACCX,0.5pF,"Capacitor,0.5 pF,¡À0.1 pF,25 V,C0G,0201"
236,C4338,ABA05FBGACCX,NC,"Capacitor,0.5 pF,¡À0.1 pF,25 V,C0G,0201"
237,C4356,ABA05FBGACCX,0.3pF,"Capacitor,0.5 pF,¡À0.1 pF,25 V,C0G,0201"
238,C4633,ABA05FBGACCX,NC,"Capacitor,0.5 pF,¡À0.1 pF,25 V,C0G,0201"
239,C4622,ABA05FBGACCX,,"Capacitor,0.5 pF,¡À0.1 pF,25 V,C0G,0201"
240,C4265,ABA05FBGACCX,NC,"Capacitor,0.5 pF,¡À0.1 pF,25 V,C0G,0201"
241,C4264,ABA05FBGACCX,0.5pF,"Capacitor,0.5 pF,¡À0.1 pF,25 V,C0G,0201"
242,C4541,ABA12FBGA0CX,1.2pF,
243,C4539,ABA12FBGA0CX,1.2pF,
244,C4448,ABA12FBGA0CX,1.2pF,
245,C4414,ABA18FAGACCX,NC,"Capacitor,1.8 pF,¡À0.05 pF,25 V,C0G,0201"
246,C4260,ABA18FAGACCX,1.8pF,"Capacitor,1.8 pF,¡À0.05 pF,25 V,C0G,0201"
247,C4301,ABA18FAGACCX,NC,"Capacitor,1.8 pF,¡À0.05 pF,25 V,C0G,0201"
248,C4329,ABA18FAGACCX,1.8pF,"Capacitor,1.8 pF,¡À0.05 pF,25 V,C0G,0201"
249,C4242,ABA18FAGACCX,NC,"Capacitor,1.8 pF,¡À0.05 pF,25 V,C0G,0201"
250,C4246,ABA22FBGACCX,NC,"Capacitor,2.2 pF,¡À0.1 pF,25 V,C0G,0201"
251,C4245,ABA22FBGACCX,NC,"Capacitor,2.2 pF,¡À0.1 pF,25 V,C0G,0201"
252,C4446,ABA24FBJACCX,NC,"Capacitor,2.4 pF,¡À0.1 pF,50 V,C0G,0201"
253,C4441,ABA24FBJACCX,2.4pF,"Capacitor,2.4 pF,¡À0.1 pF,50 V,C0G,0201"
254,C4427,ABA24FBJACCX,2.4pF,"Capacitor,2.4 pF,¡À0.1 pF,50 V,C0G,0201"
255,C4257,ABA27FBJACCX,27pF,
256,C4205,ABA27FBJACCX,1.5nH,
257,C4254,ABA27FBJACCX,27pF,
258,C4255,ABA27FBJACCX,27pF,
259,C4201,ABA27FBJACCX,2nH,
260,C1402,ABA33FCJA0CX,3.3 pF,
261,C1403,ABA33FCJA0CX,3.3 pF,
262,C1404,ABA33FCJA0CX,3.3 pF,
263,C1405,ABA33FCJA0CX,3.3 pF,
264,C4249,ABA33FCJACCX,NC,"Capacitor,3.3 pF,¡À0.25 pF,50 V,C0G,0201"
265,C4263,ABA33FCJACCX,NC,"Capacitor,3.3 pF,¡À0.25 pF,50 V,C0G,0201"
266,C4629,ABA47FAJACCX,,"Capacitor,4.7 pF,¡À0.05 pF,50 V,C0G,0201"
267,C4632,ABA47FAJACCX,NC,"Capacitor,4.7 pF,¡À0.05 pF,50 V,C0G,0201"
268,C4631,ABA47FAJACCX,,"Capacitor,4.7 pF,¡À0.05 pF,50 V,C0G,0201"
269,C4645,ABA47FAJACCX,,"Capacitor,4.7 pF,¡À0.05 pF,50 V,C0G,0201"
270,C4643,ABA47FAJACCX,NC,"Capacitor,4.7 pF,¡À0.05 pF,50 V,C0G,0201"
271,C4607,ABA47FAJACCX,NC,"Capacitor,4.7 pF,¡À0.05 pF,50 V,C0G,0201"
272,C4642,ABA47FAJACCX,NC,"Capacitor,4.7 pF,¡À0.05 pF,50 V,C0G,0201"
273,C4641,ABA47FAJACCX,,"Capacitor,4.7 pF,¡À0.05 pF,50 V,C0G,0201"
274,C4214,ABA56FBJACCX,39pF,
275,C4250,ABA56FBJACCX,NC,
276,C4624,ABA010AJACCX,,"Capacitor,1 pF,¡À0.05 pF,50 V,C0G,0201"
277,C4635,ABA010AJACCX,,"Capacitor,1 pF,¡À0.05 pF,50 V,C0G,0201"
278,C4445,ABA010AJACCX,1pF,"Capacitor,1 pF,¡À0.05 pF,50 V,C0G,0201"
279,C4623,ABA030AJACCX,,"Capacitor,3 pF,¡À0.05 pF,50 V,C0G,0201"
280,C4634,ABA030AJACCX,,"Capacitor,3 pF,¡À0.05 pF,50 V,C0G,0201"
281,C4442,ABA030AJACCX,3pF,"Capacitor,3 pF,¡À0.05 pF,50 V,C0G,0201"
282,C4602,ABA100JGACCX,,"Capacitor,10 pF,¡À5 %,25 V,C0G,0201"
283,C4620,ABA100JGACCX,,"Capacitor,10 pF,¡À5 %,25 V,C0G,0201"
284,C4608,ABA100JGACCX,,"Capacitor,10 pF,¡À5 %,25 V,C0G,0201"
285,C4610,ABA100JGACCX,,"Capacitor,10 pF,¡À5 %,25 V,C0G,0201"
286,C4603,ABA100JGACCX,,"Capacitor,10 pF,¡À5 %,25 V,C0G,0201"
287,C4618,ABA100JGACCX,,"Capacitor,10 pF,¡À5 %,25 V,C0G,0201"
288,C4613,ABA100JGACCX,,"Capacitor,10 pF,¡À5 %,25 V,C0G,0201"
289,C4109,ABA101GJACCX,NC,
290,C4110,ABA101GJACCX,100pF,
291,C4123,ABA101GJACCX,NC,
292,C4125,ABA101GJACCX,NC,
293,C4319,ABA101JJACCX,100pF,
294,C4314,ABA101JJACCX,100pF,
295,C4348,ABA101KEACCX,2.0nH,"Capacitor,100 pF,¡À10 %,16 V,C0G,0201"
296,C4243,ABA101KEACCX,100pF,"Capacitor,100 pF,¡À10 %,16 V,C0G,0201"
297,C4236,ABA101KEACCX,,"Capacitor,100 pF,¡À10 %,16 V,C0G,0201"
298,C4223,ABA101KEACCX,100pF,"Capacitor,100 pF,¡À10 %,16 V,C0G,0201"
299,C4248,ABA101KEACCX,100pF,"Capacitor,100 pF,¡À10 %,16 V,C0G,0201"
300,C3101,ABA102JJAWCX,1nF,
301,C4604,ABA102JJAWCX,,"Capacitor,1 nF,¡À5 %,50 V,X7R,0201"
302,C4626,ABA102JJAWCX,,"Capacitor,1 nF,¡À5 %,50 V,X7R,0201"
303,C4637,ABA102JJAWCX,,"Capacitor,1 nF,¡À5 %,50 V,X7R,0201"
304,C4636,ABA102JJAWCX,,"Capacitor,1 nF,¡À5 %,50 V,X7R,0201"
305,C4120,ABA102JJAWCX,1nF,"Capacitor,1 nF,¡À5 %,50 V,X7R,0201"
306,C4347,ABA102KJAWCX,1nF,"Capacitor,1 nF,¡À10 %,50 V,X7R,0201"
307,C4418,ABA102KJAWCX,1nF,"Capacitor,1 nF,¡À10 %,50 V,X7R,0201"
308,C4423,ABA102KJAWCX,1nF,"Capacitor,1 nF,¡À10 %,50 V,X7R,0201"
309,C4332,ABA102KJAWCX,1nF,"Capacitor,1 nF,¡À10 %,50 V,X7R,0201"
310,C4334,ABA102KJAWCX,1nF,"Capacitor,1 nF,¡À10 %,50 V,X7R,0201"
311,C4346,ABA102KJAWCX,1nF,"Capacitor,1 nF,¡À10 %,50 V,X7R,0201"
312,C4101,ABA104KCAXCX,100nF,"Capacitor,100 nF,¡À10 %,6.3 V,X5R,0201"
313,C4425,ABA104KCAXCX,100nF,"Capacitor,100 nF,¡À10 %,6.3 V,X5R,0201"
314,C4103,ABA104KCAXCX,100nF,"Capacitor,100 nF,¡À10 %,6.3 V,X5R,0201"
315,C4429,ABA104KCAXCX,100nF,"Capacitor,100 nF,¡À10 %,6.3 V,X5R,0201"
316,C4104,ABA104KCAXCX,100nF,"Capacitor,100 nF,¡À10 %,6.3 V,X5R,0201"
317,C4102,ABA104KCAXCX,100nF,"Capacitor,100 nF,¡À10 %,6.3 V,X5R,0201"
318,C4105,ABA104KCAXCX,100nF,"Capacitor,100 nF,¡À10 %,6.3 V,X5R,0201"
319,C5912,ABA104KDA0CX,100nF,
320,C5941,ABA104KDA0CX,NC,
321,C5911,ABA104KDA0CX,100nF,
322,C1501,ABA104KDA0CX,100nF,
323,C4528,ABA104KDAXCX,100nF,"Capacitor,100 nF,¡À10 %,10 V,X5R,0201"
324,C4531,ABA104KDAXCX,100nF,"Capacitor,100 nF,¡À10 %,10 V,X5R,0201"
325,C4529,ABA104KDAXCX,100nF,"Capacitor,100 nF,¡À10 %,10 V,X5R,0201"
326,C4520,ABA104KDAXCX,100nF,"Capacitor,100 nF,¡À10 %,10 V,X5R,0201"
327,C4515,ABA104KDAXCX,NC,"Capacitor,100 nF,¡À10 %,10 V,X5R,0201"
328,C4549,ABA104KDAXCX,100nF,"Capacitor,100 nF,¡À10 %,10 V,X5R,0201"
329,C4548,ABA104KDAXCX,100nF,"Capacitor,100 nF,¡À10 %,10 V,X5R,0201"
330,C4504,ABA104KDAXCX,100nF,"Capacitor,100 nF,¡À10 %,10 V,X5R,0201"
331,C4514,ABA104KDAXCX,100nF,"Capacitor,100 nF,¡À10 %,10 V,X5R,0201"
332,C3403,ABA104KDAXCX,100nF,"Capacitor,100 nF,¡À10 %,10 V,X5R,0201"
333,C4513,ABA104KDAXCX,100nF,"Capacitor,100 nF,¡À10 %,10 V,X5R,0201"
334,C4512,ABA104KDAXCX,100nF,"Capacitor,100 nF,¡À10 %,10 V,X5R,0201"
335,C4503,ABA104KDAXCX,100nF,"Capacitor,100 nF,¡À10 %,10 V,X5R,0201"
336,C4510,ABA104KDAXCX,100nF,"Capacitor,100 nF,¡À10 %,10 V,X5R,0201"
337,C4507,ABA104KDAXCX,100nF,"Capacitor,100 nF,¡À10 %,10 V,X5R,0201"
338,C4506,ABA104KDAXCX,100nF,"Capacitor,100 nF,¡À10 %,10 V,X5R,0201"
339,C4546,ABA104KDAXCX,100nF,"Capacitor,100 nF,¡À10 %,10 V,X5R,0201"
340,C4505,ABA104KDAXCX,100nF,"Capacitor,100 nF,¡À10 %,10 V,X5R,0201"
341,C4545,ABA104KDAXCX,100nF,"Capacitor,100 nF,¡À10 %,10 V,X5R,0201"
342,C4543,ABA104KDAXCX,100nF,"Capacitor,100 nF,¡À10 %,10 V,X5R,0201"
343,C4542,ABA104KDAXCX,100nF,"Capacitor,100 nF,¡À10 %,10 V,X5R,0201"
344,C4509,ABA104KDAXCX,100nF,"Capacitor,100 nF,¡À10 %,10 V,X5R,0201"
345,C4508,ABA104KDAXCX,100nF,"Capacitor,100 nF,¡À10 %,10 V,X5R,0201"
346,C4538,ABA104KDAXCX,100nF,"Capacitor,100 nF,¡À10 %,10 V,X5R,0201"
347,C4534,ABA104KDAXCX,100nF,"Capacitor,100 nF,¡À10 %,10 V,X5R,0201"
348,C4525,ABA104KDAXCX,100nF,"Capacitor,100 nF,¡À10 %,10 V,X5R,0201"
349,C4519,ABA104KDAXCX,100nF,"Capacitor,100 nF,¡À10 %,10 V,X5R,0201"
350,C4518,ABA104KDAXCX,NC,"Capacitor,100 nF,¡À10 %,10 V,X5R,0201"
351,C4516,ABA104KDAXCX,100nF,"Capacitor,100 nF,¡À10 %,10 V,X5R,0201"
352,C4533,ABA104KDAXCX,100nF,"Capacitor,100 nF,¡À10 %,10 V,X5R,0201"
353,C4527,ABA104KDAXCX,100nF,"Capacitor,100 nF,¡À10 %,10 V,X5R,0201"
354,C4532,ABA104KDAXCX,100nF,"Capacitor,100 nF,¡À10 %,10 V,X5R,0201"
355,C4502,ABA104KDAXCX,100nF,"Capacitor,100 nF,¡À10 %,10 V,X5R,0201"
356,C1703,ABA104MCA0CX,100nF,
357,C3308,ABA104MCA0CX,100nF,
358,C1705,ABA104MCA0CX,1uF,
359,C1621,ABA104MCA0CX,100nF,
360,C1401,ABA104MCA0CX,100nF,
361,C1622,ABA104MCA0CX,100nF,
362,C4116,ABA104MCA0CX,100nF,
363,C1641,ABA104MCA0CX,100nF,
364,C2133,ABA104MCA0CX,100nF,
365,C1626,ABA104MCA0CX,100nF,
366,C4117,ABA104MCA0CX,100nF,
367,C1731,ABA104MCA0CX,1uF,
368,C1732,ABA104MCA0CX,100nF,
369,C1722,ABA104MCA0CX,100nF,
370,C1631,ABA104MCA0CX,100nF,
371,C1611,ABA104MCA0CX,1uF,
372,C1632,ABA104MCA0CX,100nF,
373,C4315,ABA104MCA0CX,100nF,
374,C4318,ABA104MCA0CX,100nF,
375,C1615,ABA104MCA0CX,100nF,
376,C3102,ABA104MCA0CX,100nF,
377,C4115,ABA104MCA0CX,100nF,
378,C5950,ABA104MCAXCX,100nF,"Capacitor,100 nF,?¨¤20 %,6.3 V,X5R,0201"
379,C5943,ABA104MCAXCX,NC,"Capacitor,100 nF,?¨¤20 %,6.3 V,X5R,0201"
380,C1301,ABA104MCAXCX,100nF,"Capacitor,100 nF,?¨¤20 %,6.3 V,X5R,0201"
381,C1302,ABA104MCAXCX,100nF,"Capacitor,100 nF,?¨¤20 %,6.3 V,X5R,0201"
382,C5944,ABA104MCAXCX,NC,"Capacitor,100 nF,?¨¤20 %,6.3 V,X5R,0201"
383,C5942,ABA104MCAXCX,NC,"Capacitor,100 nF,?¨¤20 %,6.3 V,X5R,0201"
384,C5951,ABA104MCAXCX,100nF,"Capacitor,100 nF,?¨¤20 %,6.3 V,X5R,0201"
385,C4705,ABA104MCAXCX,100nF,"Capacitor,100 nF,¡À20 %,6.3 V,X5R,0201"
386,C5435,ABA104MCAXCX,NC,"Capacitor,100 nF,?¨¤20 %,6.3 V,X5R,0201"
387,C1604,ABA105MCA0CX,1uF,
388,C1605,ABA105MCA0CX,1uF,
389,C1606,ABA105MCA0CX,1uF,
390,C1607,ABA105MCA0CX,1uF,
391,C1608,ABA105MCA0CX,1uF,
392,C1610,ABA105MCA0CX,1uF,
393,C1612,ABA105MCA0CX,1uF,
394,C1613,ABA105MCA0CX,1uF,
395,C1614,ABA105MCA0CX,1uF,
396,C1616,ABA105MCA0CX,1uF,
397,C1617,ABA105MCA0CX,1uF,
398,C1643,ABA105MCA0CX,1uF,
399,C3332,ABA105MCA0CX,1uF,
400,C1620,ABA105MCA0CX,1uF,
401,C1623,ABA105MCA0CX,1uF,
402,C1624,ABA105MCA0CX,1uF,
403,C1625,ABA105MCA0CX,1uF,
404,C1627,ABA105MCA0CX,1uF,
405,C1628,ABA105MCA0CX,1uF,
406,C1629,ABA105MCA0CX,1uF,
407,C1630,ABA105MCA0CX,1uF,
408,C1633,ABA105MCA0CX,1uF,
409,C1634,ABA105MCA0CX,1uF,
410,C1635,ABA105MCA0CX,1uF,
411,C1636,ABA105MCA0CX,1uF,
412,C1637,ABA105MCA0CX,1uF,
413,C1638,ABA105MCA0CX,1uF,
414,C1639,ABA105MCA0CX,1uF,
415,C1640,ABA105MCA0CX,1uF,
416,C1642,ABA105MCA0CX,1uF,
417,C1650,ABA105MCA0CX,1uF,
418,C1651,ABA105MCA0CX,1uF,
419,C1652,ABA105MCA0CX,1uF,
420,C1653,ABA105MCA0CX,1uF,
421,C1654,ABA105MCA0CX,1uF,
422,C1701,ABA105MCA0CX,2.2uF_0201,
423,C1702,ABA105MCA0CX,2.2uF_0201,
424,C1704,ABA105MCA0CX,1uF,
425,C1706,ABA105MCA0CX,1uF,
426,C1707,ABA105MCA0CX,1uF,
427,C1708,ABA105MCA0CX,1uF,
428,C1709,ABA105MCA0CX,1uF,
429,C1710,ABA105MCA0CX,1uF,
430,C1711,ABA105MCA0CX,1uF,
431,C1712,ABA105MCA0CX,1uF,
432,C1713,ABA105MCA0CX,1uF,
433,C1714,ABA105MCA0CX,1uF,
434,C1715,ABA105MCA0CX,1uF,
435,C1716,ABA105MCA0CX,1uF,
436,C1717,ABA105MCA0CX,1uF,
437,C1718,ABA105MCA0CX,1uF,
438,C1719,ABA105MCA0CX,1uF,
439,C1720,ABA105MCA0CX,1uF,
440,C1721,ABA105MCA0CX,1uF,
441,C1723,ABA105MCA0CX,1uF,
442,C1724,ABA105MCA0CX,1uF,
443,C1725,ABA105MCA0CX,1uF,
444,C1726,ABA105MCA0CX,NC,
445,C1727,ABA105MCA0CX,1uF,
446,C1728,ABA105MCA0CX,1uF,
447,C1729,ABA105MCA0CX,1uF,
448,C1730,ABA105MCA0CX,1uF,
449,C1733,ABA105MCA0CX,1uF,
450,C1734,ABA105MCA0CX,1uF,
451,C1735,ABA105MCA0CX,1uF,
452,C1736,ABA105MCA0CX,1uF,
453,C1737,ABA105MCA0CX,1uF,
454,C1738,ABA105MCA0CX,1uF,
455,C1740,ABA105MCA0CX,1uF,
456,C1741,ABA105MCA0CX,1uF,
457,C2101,ABA105MCA0CX,1uF,
458,C2103,ABA105MCA0CX,1uF,
459,C2104,ABA105MCA0CX,1uF,
460,C2105,ABA105MCA0CX,1uF,
461,C2106,ABA105MCA0CX,1uF,
462,C2107,ABA105MCA0CX,1uF,
463,C2108,ABA105MCA0CX,1uF,
464,C2109,ABA105MCA0CX,1uF,
465,C2120,ABA105MCA0CX,1uF,
466,C2121,ABA105MCA0CX,1uF,
467,C2122,ABA105MCA0CX,1uF,
468,C2123,ABA105MCA0CX,1uF,
469,C2124,ABA105MCA0CX,1uF,
470,C2125,ABA105MCA0CX,1uF,
471,C2126,ABA105MCA0CX,1uF,
472,C2127,ABA105MCA0CX,1uF,
473,C2128,ABA105MCA0CX,1uF,
474,C2129,ABA105MCA0CX,1uF,
475,C2130,ABA105MCA0CX,1uF,
476,C2131,ABA105MCA0CX,1uF,
477,C2132,ABA105MCA0CX,1uF,
478,C3328,ABA105MCA0CX,1uF,
479,C2102,ABA105MCA0CX,1uF,
480,C3317,ABA105MCA0CX,1uF,
481,C3318,ABA105MCA0CX,1uF,
482,C3320,ABA105MCA0CX,1uF,
483,C1601,ABA105MCA0CX,1uF,
484,C3322,ABA105MCA0CX,1uF,
485,C3323,ABA105MCA0CX,1uF,
486,C3324,ABA105MCA0CX,1uF,
487,C3325,ABA105MCA0CX,1uF,
488,C3326,ABA105MCA0CX,1uF,
489,C3329,ABA105MCA0CX,1uF,
490,C3331,ABA105MCA0CX,1uF,
491,C3333,ABA105MCA0CX,1uF,
492,C4627,ABA105MCA0CX,1uF,
493,C4638,ABA105MCA0CX,1uF,
494,C1602,ABA105MCA0CX,1uF,
495,C1603,ABA105MCA0CX,1uF,
496,C5902,ABA105MCAXCX,1uF,"Capacitor,1 uF,¡À20 %,6.3 V,X5R,0201"
497,C4523,ABA105MCAXCX,1uF,"Capacitor,1 uF,¡À20 %,6.3 V,X5R,0201"
498,C5940,ABA105MCAXCX,NC,"Capacitor,1 uF,¡À20 %,6.3 V,X5R,0201"
499,C4524,ABA105MCAXCX,1uF,"Capacitor,1 uF,¡À20 %,6.3 V,X5R,0201"
500,C4526,ABA105MCAXCX,1uF,"Capacitor,1 uF,¡À20 %,6.3 V,X5R,0201"
501,C5930,ABA105MCAXCX,NC,"Capacitor,1 uF,¡À20 %,6.3 V,X5R,0201"
502,C5910,ABA105MCAXCX,NC,"Capacitor,1 uF,¡À20 %,6.3 V,X5R,0201"
503,C5913,ABA105MCAXCX,1uF,"Capacitor,1 uF,¡À20 %,6.3 V,X5R,0201"
504,C3408,ABA105MCAXCX,1uF,"Capacitor,1 uF,¡À20 %,6.3 V,X5R,0201"
505,C4501,ABA105MCAXCX,1uF,"Capacitor,1 uF,¡À20 %,6.3 V,X5R,0201"
506,C4530,ABA105MCAXCX,1uF,"Capacitor,1 uF,¡À20 %,6.3 V,X5R,0201"
507,C5931,ABA105MCAXCX,NC,"Capacitor,1 uF,¡À20 %,6.3 V,X5R,0201"
508,C4535,ABA105MCAXCX,,"Capacitor,1 uF,¡À20 %,6.3 V,X5R,0201"
509,C3409,ABA105MCAXCX,1uF,"Capacitor,1 uF,¡À20 %,6.3 V,X5R,0201"
510,C4536,ABA105MCAXCX,1uF,"Capacitor,1 uF,¡À20 %,6.3 V,X5R,0201"
511,C4537,ABA105MCAXCX,1uF,"Capacitor,1 uF,¡À20 %,6.3 V,X5R,0201"
512,C5103,ABA105MCAXCX,1uF,"Capacitor,1 uF,¡À20 %,6.3 V,X5R,0201"
513,C5904,ABA105MCAXCX,1uF,"Capacitor,1 uF,¡À20 %,6.3 V,X5R,0201"
514,C3303,ABA106KCC0CX,10uF,
515,C3304,ABA106KCC0CX,10uF,
516,C3305,ABA106KCC0CX,10uF,
517,C3327,ABA106KCC0CX,10uF,
518,C3306,ABA106KCC0CX,10uF,
519,C3307,ABA106KCC0CX,10uF,
520,C4113,ABA106MCB0CX,10uF_0402,
521,C4119,ABA106MCB0CX,10uF_0402,
522,C3419,ABA106MCBXCX,10uF_0402,"Capacitor,10 uF,¡À20 %,6.3 V,X5R,0402"
523,C4107,ABA106MCBXCX,10uF_0402,"Capacitor,10 uF,¡À20 %,6.3 V,X5R,0402"
524,C4547,ABA106MCBXCX,10uF_0402,"Capacitor,10 uF,¡À20 %,6.3 V,X5R,0402"
525,C4308,ABA106MCBXCX,10uF_0402,"Capacitor,10 uF,¡À20 %,6.3 V,X5R,0402"
526,C4304,ABA106MCBXCX,10uF_0402,"Capacitor,10 uF,¡À20 %,6.3 V,X5R,0402"
527,C5914,ABA106MCC0CX,10uF,
528,C4244,ABA120JJACCX,68pF,
529,C4247,ABA120JJACCX,100pF,
530,C4231,ABA220GJACCX,22pF,"Capacitor,22 pF,¡À2 %,50 V,C0G,0201"
531,C4228,ABA220GJACCX,22pF,"Capacitor,22 pF,¡À2 %,50 V,C0G,0201"
532,C4227,ABA220GJACCX,22pF,"Capacitor,22 pF,¡À2 %,50 V,C0G,0201"
533,C4221,ABA220GJACCX,NC,"Capacitor,22 pF,¡À2 %,50 V,C0G,0201"
534,C4126,ABA220GJACCX,22pF,"Capacitor,22 pF,¡À2 %,50 V,C0G,0201"
535,C3422,ABA220GJACCX,15pF,"Capacitor,22 pF,¡À2 %,50 V,C0G,0201"
536,C3420,ABA220GJACCX,22pF,"Capacitor,22 pF,¡À2 %,50 V,C0G,0201"
537,C3406,ABA220GJACCX,,"Capacitor,22 pF,¡À2 %,50 V,C0G,0201"
538,C3405,ABA220GJACCX,,"Capacitor,22 pF,¡À2 %,50 V,C0G,0201"
539,C3401,ABA220GJACCX,22pF,"Capacitor,22 pF,¡À2 %,50 V,C0G,0201"
540,C4224,ABA220GJACCX,NC,"Capacitor,22 pF,¡À2 %,50 V,C0G,0201"
541,C4419,ABA220GJACCX,NC,"Capacitor,22 pF,¡À2 %,50 V,C0G,0201"
542,C4447,ABA220GJACCX,22pF,"Capacitor,22 pF,¡À2 %,50 V,C0G,0201"
543,C4440,ABA220GJACCX,22pF,"Capacitor,22 pF,¡À2 %,50 V,C0G,0201"
544,C4428,ABA220GJACCX,22pF,"Capacitor,22 pF,¡À2 %,50 V,C0G,0201"
545,C4424,ABA220GJACCX,22pF,"Capacitor,22 pF,¡À2 %,50 V,C0G,0201"
546,C4410,ABA220GJACCX,22pF,"Capacitor,22 pF,¡À2 %,50 V,C0G,0201"
547,C4409,ABA220GJACCX,22pF,"Capacitor,22 pF,¡À2 %,50 V,C0G,0201"
548,C4406,ABA220GJACCX,22pF,"Capacitor,22 pF,¡À2 %,50 V,C0G,0201"
549,C4405,ABA220GJACCX,22pF,"Capacitor,22 pF,¡À2 %,50 V,C0G,0201"
550,C4402,ABA220GJACCX,22pF,"Capacitor,22 pF,¡À2 %,50 V,C0G,0201"
551,C4401,ABA220GJACCX,22pF,"Capacitor,22 pF,¡À2 %,50 V,C0G,0201"
552,C4339,ABA220GJACCX,22pF,"Capacitor,22 pF,¡À2 %,50 V,C0G,0201"
553,C4336,ABA220GJACCX,22pF,"Capacitor,22 pF,¡À2 %,50 V,C0G,0201"
554,C4331,ABA220GJACCX,22pF,"Capacitor,22 pF,¡À2 %,50 V,C0G,0201"
555,C4316,ABA220GJACCX,22pF,"Capacitor,22 pF,¡À2 %,50 V,C0G,0201"
556,C4302,ABA220GJACCX,22pF,"Capacitor,22 pF,¡À2 %,50 V,C0G,0201"
557,C4258,ABA220GJACCX,22pF,"Capacitor,22 pF,¡À2 %,50 V,C0G,0201"
558,C4238,ABA220GJACCX,22pF,"Capacitor,22 pF,¡À2 %,50 V,C0G,0201"
559,C4237,ABA220GJACCX,22pF,"Capacitor,22 pF,¡À2 %,50 V,C0G,0201"
560,C4235,ABA220GJACCX,22pF,"Capacitor,22 pF,¡À2 %,50 V,C0G,0201"
561,C4234,ABA220GJACCX,22pF,"Capacitor,22 pF,¡À2 %,50 V,C0G,0201"
562,C4232,ABA220GJACCX,22pF,"Capacitor,22 pF,¡À2 %,50 V,C0G,0201"
563,C4702,ABA220KGACC2X,22pF,"Capacitor,22 pF,¡À10 %,25 V,C0G,0201"
564,C1609,ABA225MCBXCX,NC,
565,C1618,ABA225MCBXCX,NC,
566,C1619,ABA225MCBXCX,NC,
567,C4218,ABA225MCBXCX,2.2uF,"Capacitor,2.2 uF,¡À20 %,6.3 V,X5R,0402"
568,C4233,ABA225MCBXCX,2.2uF,"Capacitor,2.2 uF,¡À20 %,6.3 V,X5R,0402"
569,C4701,ABA225MEBXCX,2.2uF,"Capacitor,2.2 uF,¡À20 %,16 V,X5R,0402"
570,C3336,ABA226MCCXCX,22uF,
571,C3337,ABA226MCCXCX,22uF,
572,C2134,ABA226MCCXCX,NC,
573,C2135,ABA226MCCXCX,NC,
574,C2136,ABA226MCCXCX,NC,
575,C2137,ABA226MCCXCX,NC,
576,C2138,ABA226MCCXCX,22uF,
577,C3301,ABA226MCCXCX,22uF,
578,C3302,ABA226MCCXCX,22uF,
579,C3402,ABA226MCCXCX,22uF,"Capacitor,22 uF,¡À20 %,6.3 V,X5R,0603"
580,C3310,ABA226MCCXCX,NC,
581,C3311,ABA226MCCXCX,22uF,
582,C3404,ABA226MCCXCX,22uF,"Capacitor,22 uF,¡À20 %,6.3 V,X5R,0603"
583,C3313,ABA226MCCXCX,22uF,
584,C3411,ABA226MCCXCX,10uF,"Capacitor,22 uF,¡À20 %,6.3 V,X5R,0603"
585,C3316,ABA226MCCXCX,22uF,
586,C3414,ABA226MCCXCX,22uF,"Capacitor,22 uF,¡À20 %,6.3 V,X5R,0603"
587,C3415,ABA226MCCXCX,22uF,"Capacitor,22 uF,¡À20 %,6.3 V,X5R,0603"
588,C3330,ABA226MCCXCX,22uF,
589,C3416,ABA226MCCXCX,NC,"Capacitor,22 uF,¡À20 %,6.3 V,X5R,0603"
590,C3417,ABA226MCCXCX,22uF,"Capacitor,22 uF,¡À20 %,6.3 V,X5R,0603"
591,C4703,ABA226MCCXCX,22uF,"Capacitor,22 uF,¡À20 %,6.3 V,X5R,0603"
592,C4704,ABA226MCCXCX,NC,"Capacitor,22 uF,¡À20 %,6.3 V,X5R,0603"
593,C3335,ABA226MCCXCX,22uF,
594,C5901,ABA226MCCXCX,22uF,"Capacitor,22 uF,¡À20 %,6.3 V,X5R,0603"
595,C5905,ABA226MCCXCX,22uF,"Capacitor,22 uF,¡À20 %,6.3 V,X5R,0603"
596,C3418,ABA226MCCXCX,NC,"Capacitor,22 uF,¡À20 %,6.3 V,X5R,0603"
597,C4322,ABA226MCCXCX,22uF,"Capacitor,22 uF,¡À20 %,6.3 V,X5R,0603"
598,C5915,ABA226MCCXCX,22uF,"Capacitor,22 uF,¡À20 %,6.3 V,X5R,0603"
599,C3334,ABA226MCCXCX,22uF,
600,C4517,ABA226MCCXCX,22uF,"Capacitor,22 uF,¡À20 %,6.3 V,X5R,0603"
601,C4219,ABA226MCCXCX,22uF,"Capacitor,22 uF,¡À20 %,6.3 V,X5R,0603"
602,C4521,ABA226MCCXCX,22uF,"Capacitor,22 uF,¡À20 %,6.3 V,X5R,0603"
603,C4352,ABA226MCCXCX,22uF,"Capacitor,22 uF,¡À20 %,6.3 V,X5R,0603"
604,C4212,ABA270GGACCX,2.7nH,"Capacitor,27 pF,¡À2 %,25 V,C0G,0201"
605,C4262,ABA270GGACCX,27pF,"Capacitor,27 pF,¡À2 %,25 V,C0G,0201"
606,C4216,ABA270GGACCX,27pF,"Capacitor,27 pF,¡À2 %,25 V,C0G,0201"
607,C4358,ABA270GGACCX,27pF,"Capacitor,27 pF,¡À2 %,25 V,C0G,0201"
608,C4267,ABA270GGACCX,27pF,"Capacitor,27 pF,¡À2 %,25 V,C0G,0201"
609,C4213,ABA270GGACCX,27pF,
610,C4239,ABA270GGACCX,27pF,"Capacitor,27 pF,¡À2 %,25 V,C0G,0201"
611,C4343,ABA270GGACCX,0R,"Capacitor,27 pF,¡À2 %,25 V,C0G,0201"
612,C4202,ABA270GGACCX,27pF,"Capacitor,27 pF,¡À2 %,25 V,C0G,0201"
613,C4261,ABA270GGACCX,27pF,"Capacitor,27 pF,¡À2 %,25 V,C0G,0201"
614,C4312,ABA270GGACCX,27pF,
615,C4345,ABA270GGACCX,4.3nH,"Capacitor,27 pF,¡À2 %,25 V,C0G,0201"
616,C4341,ABA270GGACCX,3.0 nH,"Capacitor,27 pF,¡À2 %,25 V,C0G,0201"
617,C4351,ABA270GGACCX,1.5nH,"Capacitor,27 pF,¡À2 %,25 V,C0G,0201"
618,C4309,ABA270GGACCX,27pF,
619,C4342,ABA270GGACCX,3.6nH,"Capacitor,27 pF,¡À2 %,25 V,C0G,0201"
620,C4344,ABA270GGACCX,6.2nH,"Capacitor,27 pF,¡À2 %,25 V,C0G,0201"
621,C5102,ABA330GJACCX,33pF,"Capacitor,33 pF,¡À2 %,50 V,C0G,0201"
622,C5101,ABA330GJACCX,NC,"Capacitor,33 pF,¡À2 %,50 V,C0G,0201"
623,C4325,ABA330JJACCX,33pF,
624,C4611,ABA330KGACCX,,"Capacitor,33 pF,¡À10 %,25 V,C0G,0201"
625,C5906,ABA330KGACCX,NC,"Capacitor,33 pF,¡À10 %,25 V,C0G,0201"
626,C4415,ABA330KGACCX,33pF,"Capacitor,33 pF,¡À10 %,25 V,C0G,0201"
627,C4431,ABA330KGACCX,33pF,"Capacitor,33 pF,¡À10 %,25 V,C0G,0201"
628,C4433,ABA330KGACCX,33pF,"Capacitor,33 pF,¡À10 %,25 V,C0G,0201"
629,C4326,ABA330KGACCX,33pF,"Capacitor,33 pF,¡À10 %,25 V,C0G,0201"
630,C4434,ABA330KGACCX,33pF,"Capacitor,33 pF,¡À10 %,25 V,C0G,0201"
631,C4435,ABA330KGACCX,33pF,"Capacitor,33 pF,¡À10 %,25 V,C0G,0201"
632,C4437,ABA330KGACCX,33pF,"Capacitor,33 pF,¡À10 %,25 V,C0G,0201"
633,C4439,ABA330KGACCX,33pF,"Capacitor,33 pF,¡À10 %,25 V,C0G,0201"
634,C4335,ABA330KGACCX,33pF,"Capacitor,33 pF,¡À10 %,25 V,C0G,0201"
635,C4359,ABA330KGACCX,1.5nH,"Capacitor,33 pF,¡À10 %,25 V,C0G,0201"
636,C4403,ABA330KGACCX,33pF,"Capacitor,33 pF,¡À10 %,25 V,C0G,0201"
637,C4404,ABA330KGACCX,33pF,"Capacitor,33 pF,¡À10 %,25 V,C0G,0201"
638,C4412,ABA330KGACCX,33pF,"Capacitor,33 pF,¡À10 %,25 V,C0G,0201"
639,C4253,ABA330KGACCX,33pF,"Capacitor,33 pF,¡À10 %,25 V,C0G,0201"
640,C4252,ABA330KGACCX,33pF,"Capacitor,33 pF,¡À10 %,25 V,C0G,0201"
641,C4225,ABA330KGACCX,NC,"Capacitor,33 pF,¡À10 %,25 V,C0G,0201"
642,C4215,ABA330KGACCX,NC,"Capacitor,33 pF,¡À10 %,25 V,C0G,0201"
643,C4211,ABA330KGACCX,33pF,"Capacitor,33 pF,¡À10 %,25 V,C0G,0201"
644,C4210,ABA330KGACCX,33pF,"Capacitor,33 pF,¡À10 %,25 V,C0G,0201"
645,C4209,ABA330KGACCX,33pF,"Capacitor,33 pF,¡À10 %,25 V,C0G,0201"
646,C4208,ABA330KGACCX,33pF,"Capacitor,33 pF,¡À10 %,25 V,C0G,0201"
647,C4204,ABA330KGACCX,33pF,"Capacitor,33 pF,¡À10 %,25 V,C0G,0201"
648,C4203,ABA330KGACCX,33pF,"Capacitor,33 pF,¡À10 %,25 V,C0G,0201"
649,C4124,ABA330KGACCX,33pF,"Capacitor,33 pF,¡À10 %,25 V,C0G,0201"
650,C4122,ABA330KGACCX,33pF,"Capacitor,33 pF,¡À10 %,25 V,C0G,0201"
651,C4121,ABA330KGACCX,NC,"Capacitor,33 pF,¡À10 %,25 V,C0G,0201"
652,C4601,ABA330KGACCX,,"Capacitor,33 pF,¡À10 %,25 V,C0G,0201"
653,C3413,ABA473KEB0CX,47nF_16V,
654,C3421,ABA473MCAXCX,NC,"Capacitor,47 nF,¡À20 %,6.3 V,X5R,0201"
655,C4112,ABA474MCAXCX,1uF,
656,C4118,ABA474MCAXCX,1uF,
657,C4511,ABA474MCAXCX,1uF,
658,C4544,ABA474MCAXCX,1uF,
659,C3309,ABA474MCAXCX,1uF,
660,C4106,ABA474MCAXCX,1uF,
661,C4111,ABA474MCAXCX,1uF,
662,C4114,ABA474MCAXCX,1uF,
663,C4108,ABA474MCAXCX,1uF,
664,C4540,ABA475MBBXCX,4.7uF,"Capacitor,4.7 uF,¡À20 %,4 V,X5R,0402"
665,C4522,ABA475MBBXCX,4.7uF,"Capacitor,4.7 uF,¡À20 %,4 V,X5R,0402"
666,C3319,ABA475MCB0CX,4.7uF,
667,C3321,ABA475MCB0CX,4.7uF,
668,C4353,ABA475MCBXCX,4.7uF,"Capacitor,4.7 uF,¡À20 %,6.3 V,X5R,0402"
669,C4303,ABA475MCBXCX,4.7uF,"Capacitor,4.7 uF,¡À20 %,6.3 V,X5R,0402"
670,C4220,ABA475MCBXCX,4.7uF,"Capacitor,4.7 uF,¡À20 %,6.3 V,X5R,0402"
671,C4321,ABA475MCBXCX,4.7uF,"Capacitor,4.7 uF,¡À20 %,6.3 V,X5R,0402"
672,C4628,ABA475MCBXCX,,"Capacitor,4.7 uF,¡À20 %,6.3 V,X5R,0402"
673,C4217,ABA475MCBXCX,4.7uF,"Capacitor,4.7 uF,¡À20 %,6.3 V,X5R,0402"
674,C4640,ABA475MCBXCX,,"Capacitor,4.7 uF,¡À20 %,6.3 V,X5R,0402"
675,C4311,ABA475MCBXCX,4.7uF,"Capacitor,4.7 uF,¡À20 %,6.3 V,X5R,0402"
676,C4355,ABA475MCBXCX,4.7uF,"Capacitor,4.7 uF,¡À20 %,6.3 V,X5R,0402"
677,C3407,ABA475MEBXCX,4.7uF,"Capacitor,4.7 uF,¡À20 %,16 V,X5R,0402"
678,C3412,ABA475MEBXCX,4.7uF,"Capacitor,4.7 uF,¡À20 %,16 V,X5R,0402"
679,C3410,ABA475MEBXCX,4.7uF,"Capacitor,4.7 uF,¡À20 %,16 V,X5R,0402"
680,C3314,ABA476MCCXCX,22uF,
681,C3315,ABA476MCCXCX,22uF,
682,C3312,ABA476MCCXCX,22uF,
683,L4606,ACA01TBAC0CX,NC,"Inductor,1 nH,¡À0.1 nH,0201,Film"
684,L4605,ACA01TBAC0CX,NC,"Inductor,1 nH,¡À0.1 nH,0201,Film"
685,L4222,ACA01TCAC0CX,1nH,"Inductor,1 nH,¡À0.2 nH,0201,Film"
686,L4621,ACA01TCAC0CX,,"Inductor,1 nH,¡À0.2 nH,0201,Film"
687,L4330,ACA01TCAC0CX,0.8nH,"Inductor,1 nH,¡À0.2 nH,0201,Film"
688,L4620,ACA01TCAC0CX,,"Inductor,1 nH,¡À0.2 nH,0201,Film"
689,L4426,ACA01TCAC0CX,1nH,"Inductor,1 nH,¡À0.2 nH,0201,Film"
690,L4614,ACA01TCAC0CX,,"Inductor,1 nH,¡À0.2 nH,0201,Film"
691,L4604,ACA01TCAC0CX,,"Inductor,1 nH,¡À0.2 nH,0201,Film"
692,L4623,ACA10THAC0CX,NC,"Inductor,10 nH,¡À3 %,0201,Film"
693,L4609,ACA10THAC0CX,,"Inductor,10 nH,¡À3 %,0201,Film"
694,L4618,ACA10THAC0CX,,"Inductor,10 nH,¡À3 %,0201,Film"
695,L4624,ACA10THAC0CX,NC,"Inductor,10 nH,¡À3 %,0201,Film"
696,L4619,ACA10THAC0CX,,"Inductor,10 nH,¡À3 %,0201,Film"
697,L4610,ACA10THAC0CX,,"Inductor,10 nH,¡À3 %,0201,Film"
698,L4502,ACA12HBAA3CX,,"Inductor,1.2 nH,¡À0.1 nH,0201,MultiLayer"
699,L4625,ACA12HBAA3CX,,"Inductor,1.2 nH,¡À0.1 nH,0201,MultiLayer"
700,L4503,ACA12HBAA3CX,,"Inductor,1.2 nH,¡À0.1 nH,0201,MultiLayer"
701,L4246,ACA12TJAA4CX,12nH,
702,L4626,ACA15HBAC0CX,,"Inductor,1.5 nH,¡À0.1 nH,0201,Film"
703,L4424,ACA18HBAC0CX,1.8nH,"Inductor,1.8 nH,¡À0.1 nH,0201,Film"
704,L4205,ACA18HBAC0CX,6.2 nH,"Inductor,1.8 nH,¡À0.1 nH,0201,Film"
705,L4314,ACA18THAC0CX,NC,"Inductor,18 nH,¡À3 %,0201,Film"
706,L4315,ACA18THAC0CX,NC,"Inductor,18 nH,¡À3 %,0201,Film"
707,L4316,ACA18THAC0CX,NC,"Inductor,18 nH,¡À3 %,0201,Film"
708,L4317,ACA18THAC0CX,NC,"Inductor,18 nH,¡À3 %,0201,Film"
709,L4318,ACA18THAC0CX,NC,"Inductor,18 nH,¡À3 %,0201,Film"
710,L4319,ACA18THAC0CX,NC,"Inductor,18 nH,¡À3 %,0201,Film"
711,L4320,ACA18THAC0CX,NC,"Inductor,18 nH,¡À3 %,0201,Film"
712,L4321,ACA18THAC0CX,NC,"Inductor,18 nH,¡À3 %,0201,Film"
713,L4322,ACA18THAC0CX,NC,"Inductor,18 nH,¡À3 %,0201,Film"
714,L4323,ACA18THAC0CX,NC,"Inductor,18 nH,¡À3 %,0201,Film"
715,L4201,ACA18THAC0CX,10 nH,"Inductor,18 nH,¡À3 %,0201,Film"
716,L4202,ACA18THAC0CX,NC,"Inductor,18 nH,¡À3 %,0201,Film"
717,L4203,ACA18THAC0CX,NC,"Inductor,18 nH,¡À3 %,0201,Film"
718,L4204,ACA18THAC0CX,NC,"Inductor,18 nH,¡À3 %,0201,Film"
719,L4324,ACA18THAC0CX,NC,"Inductor,18 nH,¡À3 %,0201,Film"
720,L4206,ACA18THAC0CX,NC,"Inductor,18 nH,¡À3 %,0201,Film"
721,L4207,ACA18THAC0CX,NC,"Inductor,18 nH,¡À3 %,0201,Film"
722,L4208,ACA18THAC0CX,NC,"Inductor,18 nH,¡À3 %,0201,Film"
723,L4325,ACA18THAC0CX,1.8pF,"Inductor,18 nH,¡À3 %,0201,Film"
724,L4209,ACA18THAC0CX,NC,"Inductor,18 nH,¡À3 %,0201,Film"
725,L4210,ACA18THAC0CX,NC,"Inductor,18 nH,¡À3 %,0201,Film"
726,L4248,ACA18THAC0CX,NC,"Inductor,18 nH,¡À3 %,0201,Film"
727,L4247,ACA18THAC0CX,NC,"Inductor,18 nH,¡À3 %,0201,Film"
728,L4211,ACA18THAC0CX,NC,"Inductor,18 nH,¡À3 %,0201,Film"
729,L4328,ACA18THAC0CX,NC,"Inductor,18 nH,¡À3 %,0201,Film"
730,L4213,ACA18THAC0CX,NC,"Inductor,18 nH,¡À3 %,0201,Film"
731,L4331,ACA18THAC0CX,NC,"Inductor,18 nH,¡À3 %,0201,Film"
732,L4214,ACA18THAC0CX,NC,"Inductor,18 nH,¡À3 %,0201,Film"
733,L4332,ACA18THAC0CX,NC,"Inductor,18 nH,¡À3 %,0201,Film"
734,L4401,ACA18THAC0CX,NC,"Inductor,18 nH,¡À3 %,0201,Film"
735,L4402,ACA18THAC0CX,NC,"Inductor,18 nH,¡À3 %,0201,Film"
736,L4403,ACA18THAC0CX,NC,"Inductor,18 nH,¡À3 %,0201,Film"
737,L4216,ACA18THAC0CX,NC,"Inductor,18 nH,¡À3 %,0201,Film"
738,L4404,ACA18THAC0CX,NC,"Inductor,18 nH,¡À3 %,0201,Film"
739,L4218,ACA18THAC0CX,NC,"Inductor,18 nH,¡À3 %,0201,Film"
740,L4219,ACA18THAC0CX,NC,"Inductor,18 nH,¡À3 %,0201,Film"
741,L4221,ACA18THAC0CX,NC,"Inductor,18 nH,¡À3 %,0201,Film"
742,L4223,ACA18THAC0CX,NC,"Inductor,18 nH,¡À3 %,0201,Film"
743,L4224,ACA18THAC0CX,15nH,"Inductor,18 nH,¡À3 %,0201,Film"
744,L4225,ACA18THAC0CX,NC,"Inductor,18 nH,¡À3 %,0201,Film"
745,L4227,ACA18THAC0CX,NC,"Inductor,18 nH,¡À3 %,0201,Film"
746,L4232,ACA18THAC0CX,NC,"Inductor,18 nH,¡À3 %,0201,Film"
747,L4233,ACA18THAC0CX,NC,"Inductor,18 nH,¡À3 %,0201,Film"
748,L4234,ACA18THAC0CX,NC,"Inductor,18 nH,¡À3 %,0201,Film"
749,L4236,ACA18THAC0CX,NC,"Inductor,18 nH,¡À3 %,0201,Film"
750,L4237,ACA18THAC0CX,NC,"Inductor,18 nH,¡À3 %,0201,Film"
751,L4238,ACA18THAC0CX,NC,"Inductor,18 nH,¡À3 %,0201,Film"
752,L4414,ACA18THAC0CX,NC,"Inductor,18 nH,¡À3 %,0201,Film"
753,L4417,ACA18THAC0CX,NC,"Inductor,18 nH,¡À3 %,0201,Film"
754,L4405,ACA18THAC0CX,NC,"Inductor,18 nH,¡À3 %,0201,Film"
755,L4418,ACA18THAC0CX,NC,"Inductor,18 nH,¡À3 %,0201,Film"
756,L4422,ACA18THAC0CX,NC,"Inductor,18 nH,¡À3 %,0201,Film"
757,L4429,ACA18THAC0CX,NC,"Inductor,18 nH,¡À3 %,0201,Film"
758,L4431,ACA18THAC0CX,NC,"Inductor,18 nH,¡À3 %,0201,Film"
759,L4433,ACA18THAC0CX,NC,"Inductor,18 nH,¡À3 %,0201,Film"
760,L4445,ACA18THAC0CX,NC,"Inductor,18 nH,¡À3 %,0201,Film"
761,L4413,ACA18THAC0CX,NC,"Inductor,18 nH,¡À3 %,0201,Film"
762,L4245,ACA18THAC0CX,18nH,"Inductor,18 nH,¡À3 %,0201,Film"
763,L4434,ACA18THAC0CX,NC,"Inductor,18 nH,¡À3 %,0201,Film"
764,L4436,ACA18THAC0CX,NC,"Inductor,18 nH,¡À3 %,0201,Film"
765,L4437,ACA18THAC0CX,NC,"Inductor,18 nH,¡À3 %,0201,Film"
766,L4439,ACA18THAC0CX,18nH,"Inductor,18 nH,¡À3 %,0201,Film"
767,L4406,ACA18THAC0CX,NC,"Inductor,18 nH,¡À3 %,0201,Film"
768,L4601,ACA18THAC0CX,NC,"Inductor,18 nH,¡À3 %,0201,Film"
769,L4407,ACA18THAC0CX,NC,"Inductor,18 nH,¡À3 %,0201,Film"
770,L4243,ACA18THAC0CX,12nH,"Inductor,18 nH,¡À3 %,0201,Film"
771,L4602,ACA18THAC0CX,NC,"Inductor,18 nH,¡À3 %,0201,Film"
772,L4603,ACA18THAC0CX,NC,"Inductor,18 nH,¡À3 %,0201,Film"
773,L4611,ACA18THAC0CX,NC,"Inductor,18 nH,¡À3 %,0201,Film"
774,L4612,ACA18THAC0CX,NC,"Inductor,18 nH,¡À3 %,0201,Film"
775,L4613,ACA18THAC0CX,NC,"Inductor,18 nH,¡À3 %,0201,Film"
776,L4616,ACA18THAC0CX,NC,"Inductor,18 nH,¡À3 %,0201,Film"
777,L4627,ACA18THAC0CX,NC,"Inductor,18 nH,¡À3 %,0201,Film"
778,L4628,ACA18THAC0CX,NC,"Inductor,18 nH,¡À3 %,0201,Film"
779,L4629,ACA18THAC0CX,NC,"Inductor,18 nH,¡À3 %,0201,Film"
780,L4240,ACA18THAC0CX,NC,"Inductor,18 nH,¡À3 %,0201,Film"
781,L4263,ACA18THAC0CX,NC,"Inductor,18 nH,¡À3 %,0201,Film"
782,L4408,ACA18THAC0CX,NC,"Inductor,18 nH,¡À3 %,0201,Film"
783,L4409,ACA18THAC0CX,NC,"Inductor,18 nH,¡À3 %,0201,Film"
784,L4262,ACA18THAC0CX,NC,"Inductor,18 nH,¡À3 %,0201,Film"
785,L4229,ACA18THAC0CX,NC,"Inductor,18 nH,¡À3 %,0201,Film"
786,L4410,ACA18THAC0CX,NC,"Inductor,18 nH,¡À3 %,0201,Film"
787,L4256,ACA18THAC0CX,NC,"Inductor,18 nH,¡À3 %,0201,Film"
788,L4254,ACA18THAC0CX,NC,"Inductor,18 nH,¡À3 %,0201,Film"
789,L4253,ACA18THAC0CX,NC,"Inductor,18 nH,¡À3 %,0201,Film"
790,L4313,ACA18THAC0CX,9.1 nH,"Inductor,18 nH,¡À3 %,0201,Film"
791,L4239,ACA18THAC0CX,12nH,"Inductor,18 nH,¡À3 %,0201,Film"
792,L4411,ACA18THAC0CX,NC,"Inductor,18 nH,¡À3 %,0201,Film"
793,L4310,ACA22HBAC0CX,2.2nH,
794,L4425,ACA22HBAC0CX,2.2nH,"Inductor,2.2 nH,¡À0.1 nH,0201,Film"
795,L4304,ACA22THAC0CX,NC,
796,L4441,ACA22THAC0CX,22nH,"Inductor,22 nH,¡À3 %,0201,Film"
797,L4427,ACA22THAC0CX,22nH,"Inductor,22 nH,¡À3 %,0201,Film"
798,L4260,ACA22THAC0CX,22nH,"Inductor,22 nH,¡À3 %,0201,Film"
799,L4244,ACA22THAC0CX,12nH,"Inductor,22 nH,¡À3 %,0201,Film"
800,L4305,ACA22THAC0CX,NC,
801,L4228,ACA22THAC0CX,NC,
802,L4226,ACA22THAC0CX,NC,
803,L4444,ACA27HBAC0CX,2.7nH,"Inductor,2.7 nH,¡À0.1 nH,0201,Film"
804,L4415,ACA27HBAC0CX,2.7nH,"Inductor,2.7 nH,¡À0.1 nH,0201,Film"
805,L4438,ACA27HBAC0CX,2.7nH,"Inductor,2.7 nH,¡À0.1 nH,0201,Film"
806,L4420,ACA27HBAC0CX,2.7nH,"Inductor,2.7 nH,¡À0.1 nH,0201,Film"
807,L4301,ACA27HBAC0CX,3.7nH,"Inductor,2.7 nH,¡À0.1 nH,0201,Film"
808,L4241,ACA27HBAC0CX,,"Inductor,2.7 nH,¡À0.1 nH,0201,Film"
809,L4230,ACA27HBAC0CX,2.7nH,"Inductor,2.7 nH,¡À0.1 nH,0201,Film"
810,L4220,ACA27HBAC0CX,4.3nH,"Inductor,2.7 nH,¡À0.1 nH,0201,Film"
811,L4252,ACA27HBAC0CX,2nH,"Inductor,2.7 nH,¡À0.1 nH,0201,Film"
812,L4303,ACA33HBAC0CX,3.3nH,
813,L4307,ACA33HCAC0CX,3.7nH,"Inductor,3.3 nH,¡À0.2 nH,0201,Film"
814,L4251,ACA33HCAC0CX,3.3nH,"Inductor,3.3 nH,¡À0.2 nH,0201,Film"
815,L4421,ACA33HCAC0CX,3.3nH,"Inductor,3.3 nH,¡À0.2 nH,0201,Film"
816,L4217,ACA33HCAC0CX,3.3nH,"Inductor,3.3 nH,¡À0.2 nH,0201,Film"
817,L4308,ACA33HCAC0CX,3.3nH,"Inductor,3.3 nH,¡À0.2 nH,0201,Film"
818,L4259,ACA36HBAC0CX,3.6nH,"Inductor,3.6 nH,¡À0.1 nH,0201,Film"
819,L4249,ACA36HBAC0CX,3.6nH,"Inductor,3.6 nH,¡À0.1 nH,0201,Film"
820,L4258,ACA39HBAC0CX,3.9nH,"Inductor,3.9 nH,¡À0.1 nH,0201,Film"
821,L4231,ACA51HHAC0CX,5.1nH,"Inductor,5.1 nH,¡À3 %,0201,Film"
822,L4443,ACA51HHAC0CX,3.3nH,"Inductor,5.1 nH,¡À3 %,0201,Film"
823,L4257,ACA51HHAC0CX,5.1nH,"Inductor,5.1 nH,¡À3 %,0201,Film"
824,L4419,ACA51HHAC0CX,5.1nH,"Inductor,5.1 nH,¡À3 %,0201,Film"
825,L4412,ACA51HHAC0CX,5.1nH,"Inductor,5.1 nH,¡À3 %,0201,Film"
826,L4261,ACA56HHAC0CX,5.6nH,"Inductor,5.6 nH,¡À3 %,0201,Film"
827,L4442,ACA56HHAC0CX,5.6nH,"Inductor,5.6 nH,¡À3 %,0201,Film"
828,L4327,ACA75HJAA3CX,NC,"Inductor,7.5 nH,¡À5 %,0201,MultiLayer"
829,L1402,ACA82HHAC0CX,8.2 nH,
830,L4215,ACA82HHAC0CX,7.1nH,"Inductor,8.2 nH,¡À3 %,0201,Film"
831,L1401,ACA82HHAC0CX,8.2 nH,
832,L4212,ACA82HHAC0CX,6.2nH,"Inductor,8.2 nH,¡À3 %,0201,Film"
833,L1404,ACA82HHAC0CX,8.2 nH,
834,L1403,ACA82HHAC0CX,8.2 nH,
835,L4250,ACA91HHAC0CX,9.1nH,"Inductor,9.1 nH,¡À3 %,0201,Film"
836,L4501,ACB15FM9A7CX,1.5uH,"Power Inductor,1.5 uH,¡À20 %,DCR=0.11 ohm,1200 mA,50 MHz,N/A,MultiLayer,N/A"
837,L3304,ACB22FM9BACX,2.2uH,
838,L4701,ACB22FM9BACX,2.2uH,"Power Inductor,2.2 uH,¡À20 %,DCR=0.142 ohm,2150 mA,39 MHz,1700 mA,Wire-Wound,N/A"
839,L3302,ACB22FM9BACX,2.2uH,
840,L3401,ACB010M9BLCX,1uH,"Power Inductor,1 uH,¡À20 %,DCR=0.075 ohm,3150 mA,N/A,2400 mA,Wire-Wound,N/A"
841,L3301,ACB010M9BLCX,1 uH,
842,L5901,ACB010M9BLCX,1 uH,
843,L3305,ACB010M9BLCX,1 uH,
844,L3303,ACB010M9BLCX,1 uH,
845,L4302,ACD0000031CX,1.5uH,"Power Choke Coil,1.5 uH,¡À20 %,DCR=0.095 ohm,2200 mA,N/A"
846,FL4413,AEA0000263CX,,
847,FL4212,AEA0000264CX,,"Saw Filter,For Band2/Unbalanced,1960 MHz,1.1¡Á0.9¡Á0.5 mm,5 PINs"
848,FL4303,AEA0000268CX,,"Saw Filter,FOR UMTS Band40 Tx,2300-2400 MHz,1.35¡Á1.05¡Á0.5 mm,5 PINs"
849,FL4305,AEA0000270CX,,"Saw Filter,FOR UMTS Band 38 Tx,2595 MHz,1.35¡Á1.05¡Á0.5 mm,5 PINs"
850,FL4406,AEA0000273CX,,"Saw Filter,FOR GSM900/BAND8 Rx,942.5 MHz,1.1¡Á0.9¡Á0.5 mm,5 PINs"
851,FL4410,AEA0000276CX,,"Saw Filter,FOR GSM1800/BAND3 Rx,1842.5 MHz,1.1¡Á0.9¡Á0.5 mm,5 PINs"
852,FL4101,AEA0000277CX,,"SAW Single Filter,for Band7 / Unbalanced,2655 MHz,1.1¡Á0.9¡Á0.5 mm,5 PINs"
853,FL4404,AEA0000277CX,,"SAW Single Filter,for Band7 / Unbalanced,2655 MHz,1.1¡Á0.9¡Á0.5 mm,5 PINs"
854,FL4206,AEA0000370CX,,"Saw Filter,Low Pass,High frequency,1681 MHz,1.6¡Á0.8¡Á0.65 mm,3 PINs"
855,FL4207,AEA0000370CX,,"Saw Filter,Low Pass,High frequency,1681 MHz,1.6¡Á0.8¡Á0.65 mm,3 PINs"
856,FL4408,AEA0000379CX,,"SAW Rx filter,WCDMA Band I/Band IV/Band X,2140 MHz,1.1¡Á0.9¡Á0.45 mm,5 PINs"
857,FL4401,AEA0000411CX,,"Saw Filter,Band38/Unbalanced,2595 MHz,1.1¡Á0.9¡Á0.5 mm,5 PINs"
858,FL4304,AEA0000414CX,,"Saw Filter,for Band41/Unbalanced,2593 MHz,2¡Á1.6¡Á0.7 mm,3 PINs"
859,FL4412,AEA0000416CX,,"Saw Filter,LTE Band 20 Rx,806 MHz,1.1¡Á0.9¡Á0.5 mm,5 PINs"
860,FL4402,AEA0000417CX,,"Saw Filter,LTE Band40 Rx,2350 MHz,1.1¡Á0.9¡Á0.5 mm,5 PINs"
861,FL4213,AEA0000516CX,,"Saw Filter,for Band32/Unbalanced,1474 MHz,1.1¡Á0.9¡Á0.5 mm,5 PINs"
862,FL4403,AEA0000516CX,,"Saw Filter,for Band32/Unbalanced,1474 MHz,1.1¡Á0.9¡Á0.5 mm,5 PINs"
863,FL4210,AEB0000292CX,,"SAW Duplexer,B3 Unbalanced,1747.5 MHz/1842.5 MHz,1.8¡Á1.4¡Á0.6 mm,8 PINs"
864,FL4209,AEB0000293CX,,"SAW Duplexer,B1 Unbalanced,1950 MHz/2140 MHz,1.8¡Á1.4¡Á0.6 mm,8 PINs"
865,FL4205,AEB0000297CX,,"SAW Duplexer,Band8/Unbalanced,897.5 MHz/942.5 MHz,1.8¡Á1.4¡Á0.6 mm,8 PINs"
866,FL4202,AEB0000300CX,,"SAW Duplexer,Band7/Unbalanced/LR,2535 MHz/2655 MHz,1.8¡Á1.4¡Á0.6 mm,8 PINs"
867,FL4204,AEB0000347CX,,
868,FL4211,AEB0000358CX,,"SAW Duplexer,B20/Unbalanced/LR/1814,847 MHz/806 MHz,1.8¡Á1.4¡Á0.6 mm,8 PINs"
869,FL4201,AED0000085CX,,
870,FL4208,AED0000127CX,,"Diplexer,Multilayer,699-960 MHz/1710-2690 MHz,2.5¡Á2¡Á1.0 mm,8 PINs,N/A"
871,FL4405,AED0000127CX,,"Diplexer,Multilayer,699-960 MHz/1710-2690 MHz,2.5¡Á2¡Á1.0 mm,8 PINs,N/A"
872,FL4203,AED0000129CX,,"Balun,Multilayer,673-2700 MHz,1.6¡Á0.8¡Á0.6 mm,6 PINs,N/A"
873,FL4603,AED0000133CX,,
874,FL4604,AED0000133CX,,
875,FL4606,AED0000216CX,,
876,FL4605,AED0000216CX,,
877,FL4602,AEE0000045CX,,
878,FL4601,AEE0000045CX,,
879,FL3401,AEH0000021CX,NC,
880,D4601,AFA0000204CX,,
881,LED5102,AFB0000037CX,,
882,LED5103,AFB0000037CX,,
883,LED5104,AFB0000037CX,,
884,LED5106,AFB0000037CX,,
885,LED5101,AFB0000042CX,,
886,LED5105,AFB0000042CX,,
887,T3404,AFD0000048CX,AFD0000055C1,"Transient Voltage Suppressor,300 W,N/A,12 V,DFN2020-3(SOT1061),Uni-Directional"
888,T5925,AFD0000066CX,NC,"Transient Voltage Suppressors,N/A,0.15 pF/0.13 pF,5 V,DSN0603-2,Bi-Directional"
889,T5924,AFD0000066CX,NC,"Transient Voltage Suppressors,N/A,0.15 pF/0.13 pF,5 V,DSN0603-2,Bi-Directional"
890,T5923,AFD0000066CX,NC,"Transient Voltage Suppressors,N/A,0.15 pF/0.13 pF,5 V,DSN0603-2,Bi-Directional"
891,T5922,AFD0000066CX,NC,"Transient Voltage Suppressors,N/A,0.15 pF/0.13 pF,5 V,DSN0603-2,Bi-Directional"
892,T5921,AFD0000066CX,,"Transient Voltage Suppressors,N/A,0.15 pF/0.13 pF,5 V,DSN0603-2,Bi-Directional"
893,T5920,AFD0000066CX,,"Transient Voltage Suppressors,N/A,0.15 pF/0.13 pF,5 V,DSN0603-2,Bi-Directional"
894,T3406,AFD0000066CX,NC,"Transient Voltage Suppressors,N/A,0.15 pF/0.13 pF,5 V,DSN0603-2,Bi-Directional"
895,T3407,AFD0000066CX,NC,"Transient Voltage Suppressors,N/A,0.15 pF/0.13 pF,5 V,DSN0603-2,Bi-Directional"
896,T5927,AFD0000066CX,,"Transient Voltage Suppressors,N/A,0.15 pF/0.13 pF,5 V,DSN0603-2,Bi-Directional"
897,T5926,AFD0000066CX,,"Transient Voltage Suppressors,N/A,0.15 pF/0.13 pF,5 V,DSN0603-2,Bi-Directional"
898,Q1201,AHA0000120CX,NC,
899,Q5105,AHA0000132CX,AHA0000220C1,"MOSFET,N Channel,370.0 mW,0.210 ohm,SOT-723,N/A"
900,Q5106,AHA0000132CX,AHA0000220C1,"MOSFET,N Channel,370.0 mW,0.210 ohm,SOT-723,N/A"
901,Q5101,AHA0000132CX,AHA0000220C1,"MOSFET,N Channel,370.0 mW,0.210 ohm,SOT-723,N/A"
902,Q5102,AHA0000132CX,AHA0000220C1,"MOSFET,N Channel,370.0 mW,0.210 ohm,SOT-723,N/A"
903,Q5103,AHA0000132CX,AHA0000220C1,"MOSFET,N Channel,370.0 mW,0.210 ohm,SOT-723,N/A"
904,Q5104,AHA0000132CX,AHA0000220C1,"MOSFET,N Channel,370.0 mW,0.210 ohm,SOT-723,N/A"
905,Y3101,AJA1920017CX,,
906,Y4601,AJA4800002CX,,"Crystal,48 MHz,¡À20 ppm,7 pF,2¡Á1.6¡Á0.4 mm,100 uW"
907,T5106,ALC0000075CX,,"ESD protection diode,single line,11 pF,5 V,SOD882,Bi-Directional"
908,T3401,ALC0000075CX,ALC0000075C1,"ESD protection diode,single line,11 pF,5 V,SOD882,Bi-Directional"
909,T3402,ALC0000075CX,ALC0000075C1,"ESD protection diode,single line,11 pF,5 V,SOD882,Bi-Directional"
910,T5104,ALC0000075CX,,"ESD protection diode,single line,11 pF,5 V,SOD882,Bi-Directional"
911,T5105,ALC0000075CX,,"ESD protection diode,single line,11 pF,5 V,SOD882,Bi-Directional"
912,T5930,ALC0000075CX,,"ESD protection diode,single line,11 pF,5 V,SOD882,Bi-Directional"
913,T5103,ALC0000075CX,,"ESD protection diode,single line,11 pF,5 V,SOD882,Bi-Directional"
914,T5102,ALC0000075CX,,"ESD protection diode,single line,11 pF,5 V,SOD882,Bi-Directional"
915,T5101,ALC0000075CX,,"ESD protection diode,single line,11 pF,5 V,SOD882,Bi-Directional"
916,T5901,ALC0000075CX,,"ESD protection diode,single line,11 pF,5 V,SOD882,Bi-Directional"
917,T5931,ALC0000075CX,,"ESD protection diode,single line,11 pF,5 V,SOD882,Bi-Directional"
918,T3403,ALC0000075CX,NC,"ESD protection diode,single line,11 pF,5 V,SOD882,Bi-Directional"
919,T3405,ALC0000075CX,NC,"ESD protection diode,single line,11 pF,5 V,SOD882,Bi-Directional"
920,U1101,AMA0001030CX,MDM9240-0,
921,U4501,AMB0000073CX,,"WiFi/BT IC,WLAN,172B WLNSP,6.02¡Á4.89¡Á0.57 mm,0.4 mm,Non-Security"
922,U2101,AMD0000277CX,2+2,
923,U2102,AMD0000377CX,NC,
924,U4305,AMF0000341CX,,"RF PA,LTE MMMB PA Module,42-Pin,4¡Á6.79¡Á0.725 mm"
925,U4602,AMM0000189CX,,
926,U4601,AMM0000189CX,,
927,U3101,AMN0000110CX,,
928,U4101,AMR0000065CX,,"Transceiver Chipset,106B WLPSP,3.83¡Á3.83¡Á0.55 mm,0.35 mm"
929,U4102,AMR0000069CX,,
930,T3408,AMS0000023CX,,"ESD Protection,1 Channels,Bi-Directional,SOD-323"
931,U5902,AMY0000505CX,,
932,U4306,AMY0000685CX,,
933,U4701,AMY0000744CX,AMY0000717C1,"Step Down DC/DC Regulator,3.1¡Á3¡Á1 mm,TSOT23-5,1 A"
934,U5903,AMY0001070CX,NC,
935,U5901,AMY0001084CX,,
936,U4304,AMY0001186CX,,
937,U4303,AMY0001186CX,,
938,U4201,AMY0001408CX,,"GSM TXM,5.5¡Á5.5¡Á0.69 mm,44-Pin"
939,U3401,AMY0001449CX,,
940,U3402,AMY0001506CX,AMY0001506C1,
941,U5904,AMY0001516CX,NC,
942,U4204,AMY0001539CX,,
943,U4205,AMY0001539CX,,
944,J5101,ARD0060131CX,SIM_Con,
945,J3402,ARE0040020CX,,
946,J4202,ARF0010007CX,ANT_Spring,
947,J4203,ARF0010007CX,ANT_Spring,
948,J4204,ARF0010007CX,ANT_Spring,
949,J4403,ARF0010007CX,ANT_Spring,
950,J4205,ARF0010007CX,ANT_Spring,
951,J4206,ARF0010007CX,ANT_Spring,
952,J4404,ARF0010007CX,ANT_Spring,
953,J4405,ARF0010007CX,ANT_Spring,
954,J4406,ARF0010007CX,ANT_Spring,
955,J4601,ARF0010007CX,,
956,J4604,ARF0010007CX,,
957,J4603,ARF0010007CX,,
958,J4602,ARF0010007CX,,
959,J4201,ARF0010007CX,ANT_Spring,
960,J4401,ARF0010007CX,ANT_Spring,
961,J4402,ARF0010007CX,ANT_Spring,
962,J4208,ARF0060003CX,,"RF switch,Over PCB,6.0 PINs,2.32 mm,2.5¡Á2.5¡ÁH1.5mm,W/O POST+W/O DIP"
963,J4605,ARF0060003CX,,"RF switch,Over PCB,6.0 PINs,2.32 mm,2.5¡Á2.5¡ÁH1.5mm,W/O POST+W/O DIP"
964,J4606,ARF0060003CX,,"RF switch,Over PCB,6.0 PINs,2.32 mm,2.5¡Á2.5¡ÁH1.5mm,W/O POST+W/O DIP"
965,J4407,ARF0060003CX,,"RF switch,Over PCB,6.0 PINs,2.32 mm,2.5¡Á2.5¡ÁH1.5mm,W/O POST+W/O DIP"
966,J4207,ARF0060003CX,,"RF switch,Over PCB,6.0 PINs,2.32 mm,2.5¡Á2.5¡ÁH1.5mm,W/O POST+W/O DIP"
967,J4408,ARF0060003CX,,"RF switch,Over PCB,6.0 PINs,2.32 mm,2.5¡Á2.5¡ÁH1.5mm,W/O POST+W/O DIP"
968,J5901,ARH0040024CX,,
969,J5902,ARH0240004CX,,
970,K5102,ARQ0020002CX,,
971,K5101,ARQ0030007CX,,
972,U4401,AXA0000032CX,RF1656,
973,U4402,AXA0000061CX,,
974,MARK6101,fiducial,,fiducial
975,MARK6102,fiducial,,fiducial
976,MARK6103,fiducial,,fiducial
977,MARK6104,fiducial,,fiducial
978,SH6110,SIT001_96_PT,,
979,T3111,SIT001_96_PT,,
980,TP6107,SIT001_96_PT,,
981,TP6108,SIT001_96_PT,,
982,TP6109,SIT001_96_PT,,
983,TP6110,SIT001_96_PT,,
984,TP6111,SIT001_96_PT,,
985,TP6112,SIT001_96_PT,,
986,TP6113,SIT001_96_PT,,
987,TP6122,SIT001_96_PT,,
988,TP6123,SIT001_96_PT,,
989,TP6125,SIT001_96_PT,,
990,TP6126,SIT001_96_PT,,
991,TP6127,SIT001_96_PT,,
992,TP6128,SIT001_96_PT,,
993,TP6129,SIT001_96_PT,,
994,TP6130,SIT001_96_PT,,
995,TP6132,SIT001_96_PT,,
996,TP6133,SIT001_96_PT,,
997,TP6134,SIT001_96_PT,,
998,TP6102,SIT001_96_PT,,
999,TP6101,SIT001_96_PT,,
1000,TP6100,SIT001_96_PT,,
1001,ANT4502,SIT001_96_PT,,
1002,TP4501,SIT001_96_PT,,
1003,TP3201,SIT001_96_PT,,
1004,TP3114,SIT001_96_PT,,
1005,TP3113,SIT001_96_PT,,
1006,TP3112,SIT001_96_PT,,
1007,TP3101,SIT001_96_PT,,
1008,ANT4503,SIT001_96_PT,,
1009,ANT4501,SIT001_96_PT,,
1010,SH6104,SIT001_96_PT,,
1011,SH6105,SIT001_96_PT,,
1012,TP6103,SIT001_96_PT,,
1013,SH6106,SIT001_96_PT,,
1014,SH6107,SIT001_96_PT,,
1015,TP6104,SIT001_96_PT,,
1016,TP6106,SIT001_96_PT,,
1017,SH6103,SIT001_96_PT,,
1018,SH6108,SIT001_96_PT,,
1019,T3110,SIT001_96_PT,,
1020,SH6101,SIT001_96_PT,,
1021,SH6102,SIT001_96_PT,,
1022,SH6109,SIT001_96_PT,,
1023,TP6105,SIT001_96_PT,,
1024,R3114,T1001371AAAA,NC,
