EE120_SBA1M300001E_EBOM_V01,,,,,,,,
,,,,,,,,
PCBA:  ,SBA1M300001E,ICS:,01,eBOM Ver:,1,,,
Item,Part Number,Part Name,MPN,SUPPLIER,Description,QTY,Ref Designator,Sort
1,BAB1M3000ECX,BAB1M3000EC1,,TRIPOD,"Main PCB,WIFI12,E Version,3+4+3 Layers,76.57×61.05×0.8 mm,BAB1M3000DC1,TRIPOD",1,,PCB
1A,#BAB1M3000DCX,BAB1M3000DC1,,TRIPOD,"Main PCB,WIFI12,D Version,3+4+3 Layers,76.57×61.05×0.8 mm,BAB1M3000CC1,TRIPOD",1,,PCB
2,AMA0001082CX,AMA0001082C1,MDM-9240-0-527PSP-MT-01-0,QUALCOMM,"Baseband Chipset,527-PSP,527 Balls,9.8×8.6×0.82 mm,0.35 mm,Non-Security,MDM-9240-0-527PSP-MT-01-0,QUALCOMM",1,U1101,IC
3,AMN0000110CX,AMN0000110C1,PMD9645-0-103WLNSP-TR-02-0,QUALCOMM,"电源管理芯片,PMU Chipset,103 WLNSP,4.14×4.14×0.55 mm,0.4 mm,N/A,PMD9645-0-103WLNSP-TR-02-0,QUALCOMM",1,U3101,IC
4,AMD0000601CX,AMD0000601C1,NM1282KSLAXAL-3B,Nanya,"Memory,NAND+LPDDR2,2 Gb+2 Gb,162-Ball VFBGA,8×10.5×1 mm,0.5 mm,1.2 V/1.8 V,NM1282KSLAXAL-3B,NANYA",1,U2101,IC
5,AMR0000084CX,AMR0000084C1,WTR-4905-1-60WLNSP-TR-01-1,QUALCOMM,"无线收发芯片,Transceiver Chipset,60 WLNSP,3.22×3.22×0.57 mm,0.4 mm,N/A,WTR-4905-1-60WLNSP-TR-01-1,QUALCOMM",1,U4102,IC
6, AMB0000101CX,AMB0000101C1 ,QCA-6174A-1-172BWLNSP-TR-0C-0 ,QUALCOMM,"WiFi/BT芯片,WiFi/BT IC,WLAN,172B WLNSP,6.02×4.89×0.57 mm,0.4 mm,N/A,N/A,QCA-6174A-1-172BWLNSP-TR-0C-0,QUALCOMM ",1,U4501,IC
7,AMR0000089CX,AMR0000089C1,WTR-3925-2-106BWLPSP-HR-03-1,QUALCOMM,"无线收发芯片,Transceiver Chipset,106B WLPSP,3.83×3.83×0.55 mm,0.35 mm,N/A,WTR-3925-2-106BWLPSP-HR-03-1,QUALCOMM",1,U4101,IC
8,AXA0000032CX,AXA0000032C1,RF1656,RFMD,"天线开关,Antenna Switch Module,SP6T,2.4-4.5 V,2×2×0.55 mm,N/A,",1,U4401,IC
9,AXA0000061CX,AXA0000061C1,RF1680,RFMD,"天线开关,Antenna Switch Module,Dual SP4T,2.4-5.8 V,1.9×1.9×0.65 mm,N/A",1,U4402,IC
10,AMY0001449CX,AMY0001449C1,BQ25601RTWR,TI,"Charging Management IC,4.0mm × 4.0mm x 0.75mm,24PIN, WQFN,BQ25601RTWR,TI",1,U3401,IC
11,AMY0001466CX,AMY0001466C1,TPS61235PRWLR,TI,"升压转换芯片,DC-DC Boost Converter,2.50×2.50×1.00 mm,VQFN(9),N/A,TPS61235PRWLR,TI",1,U5901,IC
12,AMY0000505CX,AMY0000505C1,SY6280AA,SILERGY,"电源开关,Power Distribution Switch,3.1×3×1.4 mm,SO23-5,N/A,SY6280AAC,SILERGY",1,U5902,IC
13,AMY0000717CX,AMY0000717C1,SY8089AAAC,SILERGY,"降压型稳压器,Step Down DC/DC Regulator,3.1×3×1.4 mm,SOT23-5,N/A,SY8089AAAC,SILERGY",1,U4701,IC
14,AMY0001539CX,AMY0001539C1,MXD8621C,MAXSCEND,"SPDT Switch,1.1×0.7×0.45 mm,6-lead DFN,for 3G/4G,MXD8621C,MAXSCEND",1,U4204,IC
15,AMF0000341CX,AMF0000341C1,QM56022TR13-5K,QORVO,"RF PA,LTE MMMB PA Module,42-Pin,4×6.79×0.725 mm",1,U4305,IC
16,AMY0001408CX,AMY0001408C1,QM57508TR13-5K,QORVO,"GSM TXM,5.5×5.5×0.69 mm,44-Pin,QM57508TR13-5K,QORVO",1,U4201,IC
17,AEA0000394CX,AEA0000394C1,SFHG40AA002,WISOL,"滤波器,Saw Filter,UMTS Band 1,2110-2170 MHz,1.1×0.9×0.5 mm,5 PINs,N/A,SFHG40AA002,WISOL",1,FL4408,Filter
18,AED0000142CX,AED0000142C1,RFLPF1608060Y18Q1C,WALSIN,"低通滤波器,Low Pass Filter,Multilayer,698-960 MHz,1.6×0.8×0.7 mm,6 PINs,N/A,RFLPF1608060Y18Q1C,WALSIN",1,FL4201,Filter
19,AEA0000456CX,AEA0000456C1,SFH942AA002,WISOL,"滤波器,Saw Filter,RxD SAW,GSM900/EGSM Rx,UMTS B8,942.5 MHz,1.1×0.9×0.5 mm,5 PINs,N/A,SFH942AA002,WISOL,",1,FL4406,Filter
20,AEA0000276CX,AEA0000276C1,SAFFB1G84AB0F0A,MURATA,"Saw Filter,FOR GSM1800/BAND3 Rx,1842.5 MHz,1.1×0.9×0.5 mm,5 PINs",1,FL4410,Filter
21,AEA0000419CX,AEA0000419C1,SFHG56BA002,WISOL,"滤波器,Saw Filter,LTE Band 7 Rx,2655 MHz,1.1×0.9×0.5 mm,5 PINs,N/A,SFHG56BA002,WISOL",1,FL4404,Filter
22,AED0000190CX,AED0000190C1,RFLPF1608060F18Q1C,WALSIN,"低通滤波器,Low Pass Filter,LTCC Multi Layer Ceramic,0603,673-2690 MHz,1.6×0.8×0.65 mm,3 PINs,N/A,RFLPF1608060F18Q1C,WALSIN",2,"FL4206,FL4207",Filter
23,AEA0000531CX,AEA0000531C1 ,QM22249,QORVO,"Saw Filter,2402.5-2481.5 MHz,1.1×0.9×0.5 mm,5 PINs,QM22249,QORVO",2,"FL4605,FL4606",Filter
24,AEA0000416CX,AEA0000416C1,SFH806BA002,WISOL,"Saw Filter,LTE Band 20 Rx,806 MHz,1.1×0.9×0.5 mm,5 PINs,N/A",1,FL4412,Filter
25,AEB0000413CX,AEB0000413C1,SFXG47AYM02,WISOL,"双工器,SAW Duplexer,LTE Band3,1747.5 MHz/1842.5 MHz,1.8×1.4×0.58 mm,8 PINs,N/A,SFXG47AYM02,WISOL",1,FL4210,Filter
26,AEB0000429CX,AEB0000429C1,SFXG50FY902,WISOL,"SAW Duplexer,LTE Band 1,1950 MHz/2140 MHz,1.8×1.4×0.65 mm,8 PINs,SFXG50FY902,WISOL",1,FL4209,Filter
27,AEB0000346CX,AEB0000346C1,SFX897BYF02,WISOL,"双工器,SAW Duplexer,LTE Band 8,897.5/942.5 MHz,1.8×1.4×0.58 mm,8 PINs,N/A,SFX897BYF02,WISOL",1,FL4205,Filter
28,AEB0000408CX,AEB0000408C1,SD18-2535R8UUC1,KYOCERA,"双工器,SAW Duplexer,LTE B7,2535 MHz/2655 MHz,1.8×1.4×0.57 mm,8 PINs,N/A,SD18-2535R8UUC1,KYOCERA",1,FL4202,Filter
29,AEB0000358CX,AEB0000358C1,SAYEY806MBC0F0A,MURATA,"SAW Duplexer,B20/Unbalanced/LR/1814,847 MHz/806 MHz,1.8×1.4×0.6 mm,8 PINs",1,FL4211,Filter
30,AED0000204CX,AED0000204C1,RFDIP1005040L38Q1C,WALSIN,"分频器,DIPLEXER,MULTILAYER CERAMIC,2.4 GHz/5 GHz,1×0.5×0.4 mm,4 PINs,N/A,RFDIP1005040L38Q1C,WALSIN",2,"FL4603,FL4604",Filter
31,AED0000279CX,AED0000279C1,DPX252690DT-5031A,TDK,"Diplexer,Multilayer,698-960 MHz/1710-2690 MHz,2.5×2×1 mm,8 PINs,DPX252690DT-5031A1,TDK",2,"FL4208,FL4405",Filter
32,AEE0000049CX,AEE0000049C1,TFCPL0605030L18A1U,WALSIN,"耦合器,Coupler,Dual-band,2.4 GHz/5 GHz,0.65×0.5×0.3 mm,4 PINs,N/A,TFCPL0605030L18A1U,WALSIN",2,"FL4601,FL4602",Filter
33,AED0000201CX,AED0000201C1,RFBLN1608070F48Q1C,WALSIN,"巴伦,BALUN,LTCC Multi Layer Chip Balun,673 ~ 2700 MHz,1.6 X 0.8X 0.6 mm,6 PINs,N/A,RFBLN1608070F48Q1C,WALSIN",1,FL4203,filter
34,AJA4800006CX,AJA4800006C1,1ZZHAE48000ZZ0C,KDS,"晶体,Crystal,48 MHz,±20 ppm,7 pF,2.05×1.65×0.45 mm,100 uW,N/A,1ZZHAE48000ZZ0C,KDS",1,Y4601,Crystal
35,AJA1920021CX,AJA1920021C1,X1E000291000100,EPSON,"晶体,Crystal,19.2 MHz,±12 ppm,7 pF,2.5×2×1 mm,100 uW,N/A,X1E000291000100,EPSON",1,Y3101,Crystal
36,AFD0000066CX,AFD0000066C1,PESD5V0H1BSF,NXP OR NEXPERIA,"过压保护二极管(ESD),Transient Voltage Suppressors,N/A,0.15 pF/0.13 pF,5 V,DSN0603-2,Bi-Directional,N/A,PESD5V0H1BSF,NXP OR NEXPERIA",4,"T5920,T5921,T5926,T5927",TVS
36A,#AFD0000045CX,AFD0000045C1,ESD5311Z-2/TR,WILLSEMI,"过压保护二极管(ESD),Transient Voltage Suppressors,Ultra-low Capacitance/1-Line,0.25 pF,5 V,DFN0603-2L,Bi-Directional,0.6×0.3×0.3 mm,ESD5311Z-2/TR,WILLSEMI",4,"T5920,T5921,T5926,T5927",TVS
37,ALC0000075CX,ALC0000075C1,PESD5V0V1BL,NXP OR NEXPERIA,"ESD保护二极管,ESD protection diode,single line,11 pF,5 V,SOD882,Bi-Directional,N/A,PESD5V0V1BL,NXP OR NEXPERIA",11,"T5101,T5102,T5103,T5104,T5105,T5106,T5901,T5930,T5931,T3401,T3402",TVS
38,AMS0000023CX,AMS0000023C1,PTVSHC3D4V5BH,PRISEMI,"静电防护器,ESD Protection,1 Channels,Bi-Directional,SOD-323,VRWM=4.5 V,PTVSHC3D4V5BH,PRISEMI",1,T3408,TVS
39,AFD0000055CX,AFD0000055C1,PTVSHC3N12VU,PRISEMI,"过压保护二极管(ESD),Transient Voltage Suppressors,Low clamping Voltage,1000 pF,12 V,DFN2×2-3L,Uni-Directional,2.1×2.1×0.65 mm,PTVSHC3N12VU,PRISEMI",1,T3404,TVS
40,AHA0000220CX,AHA0000220C1,PNM723T30V0,PRISEMI,"MOSFET,N Channel,150 mW,9 ohm,SOT-723,PNM723T30V01,PRISEMI",6,"Q5101,Q5102,Q5103,Q5104,Q5105,Q5106",MOSFET
40A,#AHA0000132CX,AHA0000132C1,WNM2030-3/TR,WILLSEMI,"场效应管,MOSFET,N Channel,370. mW,0.210 ohm,SOT-723,N/A,WNM2030-3/TR,WILLSEMI",6,"Q5101,Q5102,Q5103,Q5104,Q5105,Q5106",MOSFET
41,AFB0000042CX,AFB0000042C1,A-SP194R6C-C02-4T,AMICC,"Light-Emitting Diode,Top view,Mono-Color,Brilliant Red,60 mW,0603,1.6×0.8×0.4 mm,25 mA,VF=1.7-2.2V,A-SP194R6C-C02-4T,AMICC",2,"LED5101,LED5105",LED
42,AFB0000037CX,AFB0000037C1,A-SP194B1C-C01-4T,AMICC,"发光二极管,LED,Top view,Brilliant Blue,95 mW,N/A,0603,1.6×0.8×0.4 mm,25 mA,2.8-3.1 V,A-SP194B1C-C01-4T,AMICC",4,"LED5102,LED5103,LED5104,LED5106",LED
43,T1001371AAAA,TA05-T1001371AAAA,NCP15WF104F03RC,MURATA,"热敏电阻,Thermistor,100K ohm,±1 %,100 mW,0402,N/A,NCP15WF104F03RC,MURATA",1,R4304,NTC
43A,#AAC0104FB6CX,AAC0104FB6CB,SDNT1005X104F4250FTF,SUNLORD,"Chip NTC Thermistor,100K ohm,±1 %,1/10 W,0402,1.0×0.5×0.5 mm,SDNT1005X104F4250FTF,SUNLORD",1,R4304,NTC
44,AAA0000JD0CX,AAA0000JD0C1,RS-05000JT,FENGHUA,"电阻,Resistor,0 ohm,±5 %,1/8 W,0805(T=0.5 mm),2.2×1.4×0.6 mm,RS-05000JT,FENGHUA",2,"R3419,R3406",Resistor
45,AAA0000JC6CX,AAA0000FC6C1,RS-03000FT,FENGHUA,普通电阻 Resistor 0 ohm ±1 % 1/10 W 0603 1.75×0.95×0.5 mm RS-03000FT FENGHUA,3,"R4704,R5914,R4307",Resistor
45A,#AAA0000JC0CX,AAA0000JC0C1,RS-03000JT,FENGHUA,"电阻,Resistor,0 ohm,±5 %,1/10 W,0603,1.75×0.95×0.5 mm,RS-03000JT,FENGHUA",3,"R4704,R5914,R4307",Resistor
45A,#AAA0000JC0CX,AAA0000JC0C2,RC0603JR-070RL,YAGEO,"电阻,Resistor,0 ohm,±5 %,1/10 W,0603,1.7×0.9×0.55 mm,RC0603JR-070RL,YAGEO",3,"R4704,R5914,R4307",Resistor
46,AAA0000JB0CX,AAA0000JB0C1,RC-02000JT,FENGHUA,"电阻,Resistor,0 ohm,±5 %,1/16 W,0402,N/A,RC-02000JT,FENGHUA",6,"R3301,R3302,R3304,R4107,R4501,R4502",Resistor
47,AAA0000JA0CX,AAA0000JA0C1,RC-01000JT,FENGHUA,"电阻,Resistor,0 ohm,±5 %,1/20 W,0201,N/A,RC-01000JT,FENGHUA",93,"R1204,R1205,R1221,R1702,R1704,R3203,R3204,R3209,R3303,R3305,R4108,R4109,R4110,R6100,R6101,R6102,R6103,R6104,R6105,R6106,R6107,R3402,R3403,R4503,R4504,R4505,R4506,R4507,R4515,R4519,R4520,R4533,R4534,R4535,R4536,R5120,R5905,R5950,R5951,R5952,R5953,R4101,R4102,R4103,R4104,R4105,R4201,R4202,R4203,R4204,R4206,R4208,R4209,R4210,R4211,R4212,R4213,R4309,R4310,R4312,R4313,R4315,R4316,R4319,R4401,R4402,R4403,R4404,R4405,R4409,R4411,R4412,R4416,R4418,R4702,R4601,R4605,R4606,R4613,R4614,C4343,L4604,C4602,L4620,C4607,C4632,C4610,C4611,L4614,L4621,C4643,C4642,C4620",Resistor
48,AAA0510FA0CX,AAA0510FA0C1,RC-01W510FT,FENGHUA,"电阻,Resistor,51 ohm,±1 %,1/20 W,0201,0.65×0.35×0.28 mm,RC-01W510FT,FENGHUA ",2,"R4603,R4607",Resistor
49,AAA0201FA0CX,AAA0201FA0C1,RC-01W201FT,FENGHUA,"电阻,Resistor,200 ohm,±1 %,1/20 W,0201,0.65×0.35×0.28 mm,RC-01W201FT,FENGHUA",6,"R5108,R5109,R5110,R5111,R5112,R5113",
50,AAA0241FA0CX,AAA0241FA0C1,RC-01W241FT,FENGHUA,"电阻,Resistor,240 ohm,±1 %,1/20 W,0201,N/A,RC-01W241FT,FENGHUA",2,"R1501,R2101",Resistor
51,AAA0102JA0CX,AAA0102JA0C1,RC-01W102JT,FENGHUA,"电阻,Resistor,1K ohm,±5 %,1/20 W,0201,0.65×0.35×0.28 mm,RC-01W102JT,FENGHUA",2,"R5114,R5115",Resistor
52,AAA1431FA0CX,  AAA1431FA0C1,RC-01W1431FT,FENGHUA,"电阻,Resistor,1.43K ohm,±1 %,1/20 W,0201,N/A,RC-01W1431FT,FENGHUA",2,"R1303,R1304",Resistor
53,AAA0222JA0CX,AAA0222JA0C1,RC-01W222JT,FENGHUA,"电阻,Resistor,2.2K ohm,±5 %,1/20 W,0201,N/A,RC-01W222JT,FENGHUA",2,"R1201,R1202",Resistor
54,AAA4021FA0CX,AAA4021FA0C1,RC-01W4021FT,FENGHUA,"电阻,Resistor,4.02K ohm,±1 %,1/20 W,0201,0.65×0.35×0.28 mm,RC-01W4021FT,FENGHUA",1,R1302,Resistor
55,AAA0682FA0CX,AAA0682FA0C1,RC-01W682FT,FENGHUA,"电阻,Resistor,6.8K ohm,±1 %,1/20 W,0201,N/A,RC-01W682FT,FENGHUA",1,R5912,Resistor
56,AAA0103JA0CX,AAA0103JA0C1,RC-01W103JT,FENGHUA,"电阻,Resistor,10K ohm,±5 %,1/20 W,0201,N/A,RC-01W103JT,FENGHUA",20,"R3221,R4508,R4512,R4513,R4514,R3411,R3413,R3415,R3416,R3417,R5107,R5908,R5910,R3408,R2102,R2103,R1213,R1216,R1218,R1220",Resistor
57,AAA0103FA0CX,AAA0103FA0C1,RC-01W103FT,FENGHUA,"电阻,Resistor,10K ohm,±1 %,1/20 W,0201,0.65×0.35×0.28 mm,RC-01W103FT,FENGHUA",1,R3401,Resistor
58,AAA0203JA0CX,AAA0203JA0C1,RC-01W203JT,FENGHUA,"电阻,Resistor,20K ohm,±5 %,1/20 W,0201,N/A,RC-01W203JT,FENGHUA",1,R3220,Resistor
59,AAA0683FA0CX,AAA0683FA0C1,RC-01W683FT,FENGHUA,"电阻,Resistor,68K ohm,±1 %,1/20 W,0201,0.65×0.35×0.28 mm,RC-01W683FT,FENGHUA",1,R1904,Resistor
60,AAA0104FA0CX,AAA0104FA0C1,RC-01W104FT,FENGHUA,"电阻,Resistor,100K ohm,±1 %,1/20 W,0201,N/A,RC-01W104FT,FENGHUA",3,"R3113,R3201,R4303",Resistor
61,AAA0104JA0CX,AAA0104JA0C1,RC-01W104JT,FENGHUA,"电阻,Resistor,100K ohm,±5 %,1/20 W,0201,0.65×0.35×0.28 mm,RC-01W104JT,FENGHUA",9,"R3118,R5101,R5102,R5103,R5104,R5105,R5106,R4701,R3107",Resistor
62,AAA0204JA0CX,AAA0204JA0C1,RC-01W204JT,FENGHUA,"电阻,Resistor,200K ohm,±5 %,1/20 W,0201,0.65×0.35×0.28 mm,RC-01W204JT,FENGHUA",1,R3117,Resistor
63,AAA0204FA0CX,AAA0204FA0C1,RC-01W204FT,FENGHUA,"电阻,Resistor,200K ohm,±1 %,1/20 W,0201,0.65×0.35×0.28 mm,RC-01W204FT,FENGHUA",1,R3116,Resistor
64,AAA0304FA0CX,AAA0304FA0C1,RC-01W304FT,FENGHUA,"电阻,Resistor,300K ohm,±1 %,1/20 W,0201,0.65×0.35×0.28 mm,RC-01W304FT,FENGHUA",1,R4703,Resistor
65,AAA0105JA0CX,AAA0105JA0C1,RC-01W105JT,FENGHUA,"电阻,Resistor,1M ohm,±5 %,1/20 W,0201,0.65×0.35×0.28 mm,RC-01W105JT,FENGHUA",1,R5903,Resistor
66,ACA01TBAA5CX,ACA01TBAA5C4,SDCL0603Q1N0BT02B02,SUNLORD,"电感,Inductor,1 nH,±0.1 nH,DCR=0.11 ohm,600 mA,0201,MultiLayer,0.65×0.35×0.35 mm,SDCL0603Q1N0BT02B02,SUNLORD",2,"L4222,C4601",Inductor
67,ACA12HBA01CX,ACA12HBA01C2,LQP03TG1N2B02D,MURATA,"电感,Inductor,1.2 nH,±0.1 nH,DCR=0.15 ohm,600 mA,0201,Film,0.63×0.33×0.33 mm,LQP03TG1N2B02D,MURATA",3,"L4502,L4503,R4205",Inductor
68,ACA15HBA02CX,ACA15HBA02C2,LQP03TG1N5B02D,MURATA,"电感,Inductor,1.5 nH,±0.1 nH,DCR=0.15 ohm,600 mA,0201,Film,N/A,LQP03TG1N5B02D,MURATA",5,"C4205,C4351,R4615,L4625,C4618",Inductor
69,ACA18HBAA6CX,ACA18HBAA6C4,SDCL0603Q1N8BT02B02,SUNLORD,"电感,Inductor,1.8 nH,±0.1 nH,DCR=0.18 ohm,500 mA,0201,MultiLayer,0.65×0.35×0.35 mm,SDCL0603Q1N8BT02B02,SUNLORD",1,L4424,Inductor
70,ACA02TBA05CX,ACA02TBA05C2,LQP03TG2N0B02D,MURATA,"电感,Inductor,2 nH,±0.1 nH,DCR=0.25 ohm,450 mA,0201,Film,0.63×0.33×0.33 mm,LQP03TG2N0B02D,MURATA",3,"L4252,C4201,R4602",Inductor
71,ACA22HBAA6CX,ACA22HBAA6C4,SDCL0603Q2N2BT02B02,SUNLORD,"电感,Inductor,2.2 nH,±0.1 nH,DCR=0.2 ohm,450 mA,0201,MultiLayer,0.65×0.35×0.35 mm,SDCL0603Q2N2BT02B02,SUNLORD",1,L4310,Inductor
72,ACA24HBA03CX,ACA24HBA03C2,LQP03TG2N4B02D,MURATA,"电感,Inductor,2.4 nH,±0.1 nH,DCR=0.25 ohm,450 mA,0201,Film,0.63×0.33×0.33 mm,LQP03TG2N4B02D,MURATA",2,"C4341,L4217",
73,ACA27HBAA5CX,ACA27HBAA5C4,SDCL0603Q2N7BT02B02,SUNLORD,"电感,Inductor,2.7 nH,±0.1 nH,DCR=0.25 ohm,450 mA,0201,MultiLayer,0.65×0.35×0.35 mm,SDCL0603Q2N7BT02B02,SUNLORD",5,"L4230,L4415,L4420,L4241,C4212",Inductor
74,ACA33HBAA5CX,ACA33HBAA5C4,SDCL0603Q3N3BT02B02,SUNLORD,"电感,Inductor,3.3 nH,±0.1 nH,DCR=0.32 ohm,400 mA,0201,MultiLayer,0.65×0.35×0.35 mm,SDCL0603Q3N3BT02B02,SUNLORD",4,"L4251,L4421,L4618 ,L4443",Inductor
75,ACA36HBAA6CX,ACA36HBAA6C4,SDCL0603Q3N6BT02B02,SUNLORD,"电感,Inductor,3.6 nH,±0.1 nH,DCR=0.34 ohm,350 mA,0201,MultiLayer,0.65×0.35×0.35 mm,SDCL0603Q3N6BT02B02,SUNLORD",4,"L4249,L4259,C4342,R4207",Inductor
76,ACA43HHA01CX,ACA43HHA01C1,LQP03TN4N3H02D,MURATA ,"电感,Inductor,4.3 nH,±3 %,DCR=0.4 ohm,350 mA,0201,Film,N/A,LQP03TN4N3H02D,MURATA ",3,"C4345,R4406,L4313",Inductor
76A,#ACA43HHA04CX,ACA43HHA04C2,LQP03TG4N3H02D,MURATA ,"电感,Inductor,4.3 nH,±3 %,DCR=0.58 ohm,300 mA,0201,Film,0.63×0.33×0.33 mm,LQP03TG4N3H02D,MURATA",3,"C4345,R4406,L4313",Inductor
77,ACA51HHA03CX,ACA51HHA03C2,LQP03TG5N1H02D,MURATA,"电感,Inductor,5.1 nH,±3 %,DCR=0.72 ohm,250 mA,0201,Film,0.63×0.33×0.33 mm,LQP03TG5N1H02D,MURATA",2,"L4231,L4419",Inductor
78,ACA56HHA02CX,ACA56HHA02C1,LQP03TG5N6H02D,MURATA,"电感,Inductor,5.6 nH,±3 %,DCR=0.88 ohm,250 mA,0201,Film,0.63×0.33×0.33 mm,LQP03TG5N6H02D,MURATA",4,"L4261,L4442,C4609,L4610",Inductor
79,ACA62HBAA1CX,ACA62HBAA1C4,SDCL0603Q6N2BT02B02,SUNLORD,"电感,Inductor,6.2 nH,±0.1 nH,DCR=0.5 ohm,200 mA,0201,MultiLayer,0.65×0.35×0.35 mm,SDCL0603Q6N2BT02B02,SUNLORD",1,L4205,Inductor
80,ACA68HHA06CX,ACA68HHA06C1,LQP03TG6N8H02D,MURATA,"电感,Inductor,6.8 nH,±3 %,DCR=1.15 ohm,200 mA,0201,Film,N/A,LQP03TG6N8H02D,MURATA",1,L4215,Inductor
81,ACA82HHA04CX,ACA82HHA04C1,LQP03TG8N2H02D,MURATA,"电感,Inductor,8.2 nH,±3 %,DCR=1.4 ohm,200 mA,0201,Film,0.63×0.33×0.33 mm,LQP03TG8N2H02D,MURATA",4,"L1401,L1402,L1403,L1404",Inductor
82,ACA91HHA04CX,ACA91HHA04C2,LQP03TG9N1H02D,MURATA,"电感,Inductor,9.1 nH,±3 %,DCR=1.4 ohm,200 mA,0201,Film,0.63×0.33×0.33 mm,LQP03TG9N1H02D,MURATA",2,"L4250,L4323",Inductor
83,ACA10THA05CX,ACA10THA05C2,LQP03TG10NH02D,MURATA,"电感,Inductor,10 nH,±3 %,DCR=1.52 ohm,190 mA,0201,Film,0.63×0.33×0.33 mm,LQP03TG10NH02D,MURATA",1,L4201,
84,ACA12TJAA4CX,ACA12TJAA4C4,SDCL0603Q12NJT02B02,SUNLORD,"电感,Inductor,12 nH,±5 %,DCR=1.42 ohm,180 mA,0201,MultiLayer,0.65×0.35×0.35 mm,SDCL0603Q12NJT02B02,SUNLORD",3,"L4246,L4239,L4427",Inductor
85,ACA15THA05CX,ACA15THA05C2,LQP03TG15NH02D,MURATA,"电感,Inductor,15 nH,±3 %,DCR=1.9 ohm,170 mA,0201,Film,N/A,LQP03TG15NH02D,MURATA",1,L4224,
86,ACA22THA06CX,ACA22THA06C2,LQP03TG22NH02D,MURATA,"电感,Inductor,22 nH,±3 %,DCR=2.85 ohm,140 mA,0201,Film,0.63×0.33×0.33 mm,LQP03TG22NH02D,MURATA",2,"L4260,L4441",Inductor
87,ACB010M9BLCX,ACB010M9BLCF,MPIA201610-1R0M-LF,MICROGATE,"功率电感,Power Inductor,1 uH,±20 %,DCR=0.075 ohm,3150 mA,N/A,2400 mA,Wire-Wound,N/A,2.2×1.8×1.05 mm,MPIA201610-1R0M-LF,MICROGATE",5,"L3401,L3301,L3303,L3305,L5901",Power Inductor
87A,#ACB010M9A3CX,ACB010M9A3CG,MP201610S1R0MFR,ICT,"Power Inductor,1uH,±20%,0.058 ohm,SMD,3200 mA,3000 mA,MultiLayer,2.2×1.8×1.00 mm,MP201610S1R0MFR,ICT",5,"L3401,L3301,L3303,L3305,L5901",Power Inductor
88,ACB15FM9A7CX,ACB15FM9B6C4,SPH252012H1R5MT,SUNLORD,"功率电感,Power Inductor,1.5 uH,±20 %,DCR=0.065 ohm,2350 mA,N/A,2100 mA,Wire-Wound,1008,2.7×2.2×1.2 mm,SPH252012H1R5MT,SUNLORD",1,L4501,Power Inductor
89,ACB22FM9BACX,ACB22FM9BAC4,WPN201610H2R2MT,SUNLORD,"功率电感,Power Inductor,2.2 uH,±20 %,DCR=0.142 ohm,2150 mA,39 MHz,1700 mA,Wire-Wound,N/A,2.2×1.8×1.0 mm,WPN201610H2R2MT,SUNLORD",3,"L4701,L3302,L3304",Power Inductor
89A,#ACB22FM9A9CX,ACB22FM9A9CG,MP201610S2R2MFR,ICT,"Power Inductor,2.2 uH,±20%,0.135 ohm,SMD,2200 mA,1M Hz,2300 mA,MultiLayer,2.0×1.6 mm,MP201610S2R2MFR,ICT",3,"L4701,L3302,L3304",Power Inductor
90,ABA02FAJAHC2X,ABA02FAJAHC2,C0201HQC0R2A500NTA,SUNLORD,"普通电容,Capacitor,0.2 pF,±0.05 pF,50 V,HQC,0201,0.63×0.33×0.33 mm,C0201HQC0R2A500NTA,EYANG",3,"C4633,C4644,L4629",Capacitor
90A,#ABA02FAJACCX,ABA02FAJACC9,GRM0335C1HR20WA01,MURATA,"普通电容,Capacitor,0.2 pF,±0.05 pF,50 V,C0G,0201,0.63×0.33×0.33 mm,GRM0335C1HR20WA01,MURATA",3,"C4633,C4644,L4629",Capacitor
91,ABA03FBJACCX,ABA03FBJACC2,C0201C0G0R3B500NT,EYANG,"普通电容,Capacitor,0.3 pF,±0.1 pF,50 V,C0G,0201,0.63×0.33×0.33 mm,C0201C0G0R3B500NT,EYANG",3,"L4627,L4605,L4204",Capacitor
92,ABA05FBJACCX,ABA05FBJACC2,C0201C0G0R5B500NTA,EYANG,"普通电容,Capacitor,0.5 pF,±0.1 pF,50 V,C0G,0201,0.63×0.33×0.33 mm,C0201C0G0R5B500NTA,EYANG",4,"C4226,C4264,C4420,L4601",Capacitor
93,ABA010BJA0CX,ABA010BJA0C2,C0201C0G1R0B500NT,EYANG,"电容,Capacitor,1pF,±0.1pF,50V,C0G,0201,C0201C0G1R0B500NT,EYANG,",5,"C4624,C4635,C4445,C4619,L4401",Capacitor
94,ABA12FAJACCX,ABA12FAJACC2,C0201C0G1R2A500N,EYANG,"普通电容,Capacitor,1.2 pF,±0.05 pF,50 V,C0G,0201,0.63×0.33×0.33 mm,C0201C0G1R2A500N,EYANG",2,"C4539,C4541",Capacitor
95,ABA18FCJA0CX,ABA18FCJA0C2,C0201C0G1R8C500N,EYANG,"电容,Capacitor,1.8 pF,±0.25 pF,50 V,C0G,0201,N/A,C0201C0G1R8C500N,EYANG",2,"C4329,L4325",Capacitor
96,ABA030AJA0CX,ABA030AJA0C2,C0201C0G3R0A500N,EYANG,"普通电容,Capacitor,3 pF,±0.05 pF,50 V,C0G,0201,0.63×0.33×0.33 mm,C0201C0G3R0A500N,EYANG",3,"C4623,C4634,C4442",Capacitor
97,ABA33FBJACCX,ABA33FBJACC2,C0201C0G3R3B500NT,EYANG,"普通电容,Capacitor,3.3 pF,±0.1 pF,50 V,C0G,0201,N/A,C0201C0G3R3B500NT,EYANG",4,"C1402,C1403,C1404,C1405",Capacitor
98,ABA56FBJA0CX,ABA56FBJA0C2,C0201C0G5R6B500N,EYANG,"普通电容,Capacitor,5.6 pF,±0.1 pF,50 V,C0G,0201,N/A,C0201C0G5R6B500N,EYANG",1,C4608,
99,ABA100KJACC2X,ABA100KJACC2,C0201C0G100K500NTA,EYANG,"普通电容,Capacitor,10 pF,±10 %,50 V,C0G,0201,0.63×0.33×0.33 mm,C0201C0G100K500NTA,EYANG",2,"C4603,C4613",Capacitor
100,ABA150JJA0CX,ABA150JJA0C2,C0201C0G150J500N,EYANG,"电容,Capacitor,15 pF,±5 %,50 V,C0G,0201,N/A,C0201C0G150J500N,EYANG",1,C3422,
101,ABA220KJACCX,ABA220KJACC2,C0201C0G220K500NTA,EYANG,"普通电容,Capacitor,22 pF,±10 %,50 V,C0G,0201,0.63×0.33×0.33 mm,C0201C0G220K500NTA,EYANG",17,"C3401,C3420,C4227,C4228,C4231,C4232,C4237,C4316,C4336,C4401,C4405,C4410,C4440,C4702,C3405,C3406,C4126",Capacitor
102,ABA270JJA0CX,ABA270JJA0C2,C0201C0G270J500N,EYANG,"普通电容,Capacitor,27 pF,±5 %,50 V,C0G,0201,0.63×0.33×0.33 mm,C0201C0G270J500N,EYANG",6,"C4216,C4239,C4261,C4262,C4267,C4213",Capacitor
103,ABA330KJACCX,ABA330KJACC2,C0201C0G330K500NTA,EYANG,"普通电容,Capacitor,33 pF,±10 %,50 V,C0G,0201,0.63×0.33×0.33 mm,C0201C0G330K500NTA,EYANG",20,"C4203,C4204,C4208,C4209,C4210,C4211,C4252,C4253,C4326,C4335,C4412,C4415,C4431,C4433,C4435,C4437,C4439,C5102,C4325,C3408",Capacitor
104,ABA101KJACCX,ABA101KJACC2,C0201C0G101K500N,EYANG,"电容,Capacitor,100 pF,±10 %,50 V,C0G,0201,N/A,C0201C0G101K500N,EYANG",3,"C4248,C4110,C4236",Capacitor
105,ABA102JJA0CX,ABA102JJA0C2,C0201X7R102J500N,EYANG,"普通电容,Capacitor,1 nF,±5 %,50 V,X7R,0201,N/A,C0201X7R102J500N,EYANG",12,"C4332,C4334,C4346,C4347,C4418,C4423,C4120,C3101,C4604,C4626,C4636,C4637",Capacitor
105A,#ABA102MJAWCX,ABA102MJAWC2,C0201X7R102M500NT,EYANG,"Capacitor,1 nF,±20 %,50 V,X7R,0201,C0201X7R102M500NT,EYANG",12,"C4332,C4334,C4346,C4347,C4418,C4423,C4120,C3101,C4604,C4626,C4636,C4637",Capacitor
106,ABA473MEB0CX,ABA473MEB0C2,C0402X7R473M160N,EYANG,"普通电容,Capacitor,47 nF,±20 %,16 V,X7R,0402,1.05×0.55×0.55 mm,C0402X7R473M160N,EYANG",1,C3413,Capacitor
16A,#ABA473MJBXCX,ABA473MJBXC2,C0402X5R473M500NTN,EYANG,"普通电容,Capacitor,47 nF,±20 %,50 V,X5R,0402,1.15×0.63×0.63 mm,C0402X5R473M500NTN,EYANG",1,C3413,Capacitor
107,ABA104MCAXCX,ABA104MCA0C2,C0201X5R104M6R3NTAT,EYANG,"电容,Capacitor,100 nF,±20 %,6.3 V,X5R,0201,0.63×0.33×0.33 mm,C0201X5R104M6R3NTAT,EYANG",63,"C4101,C4102,C4103,C4104,C4105,C4425,C4429,C3403,C4502,C4503,C4504,C4505,C4506,C4507,C4508,C4509,C4510,C4512,C4513,C4514,C4516,C4519,C4520,C4525,C4527,C4528,C4529,C4531,C4532,C4533,C4534,C4538,C4542,C4543,C4545,C4546,C4548,C4549,C1301,C1302,C4705,C5950,C5951,C1401,C1615,C1621,C1622,C1626,C1631,C1632,C1641,C1703,C1722,C1732,C2133,C3102,C3308,C4115,C4116,C4117,C1501,C5911,C5912",Capacitor
107A,#ABA104KCAXCX,ABA104KCAXC4,CL03A104KQ3NNNC,SAMSUNG,"普通电容,Capacitor,100 nF,±10 %,6.3 V,X5R,0201,0.63×0.33×0.33 mm,CL03A104KQ3NNNC,SAMSUNG",63,"C4101,C4102,C4103,C4104,C4105,C4425,C4429,C3403,C4502,C4503,C4504,C4505,C4506,C4507,C4508,C4509,C4510,C4512,C4513,C4514,C4516,C4519,C4520,C4525,C4527,C4528,C4529,C4531,C4532,C4533,C4534,C4538,C4542,C4543,C4545,C4546,C4548,C4549,C1301,C1302,C4705,C5950,C5951,C1401,C1615,C1621,C1622,C1626,C1631,C1632,C1641,C1703,C1722,C1732,C2133,C3102,C3308,C4115,C4116,C4117,C1501,C5911,C5912",Capacitor
107A,#ABA104MEAXCX,ABA104MEAXC2,C0201D5R104M160NTA,EYANG,"Capacitor,100 nF,±20 %,16 V,X5R,0201,0.63×0.33×0.33 mm,C0201D5R104M160NTA,EYANG",63,"C4101,C4102,C4103,C4104,C4105,C4425,C4429,C3403,C4502,C4503,C4504,C4505,C4506,C4507,C4508,C4509,C4510,C4512,C4513,C4514,C4516,C4519,C4520,C4525,C4527,C4528,C4529,C4531,C4532,C4533,C4534,C4538,C4542,C4543,C4545,C4546,C4548,C4549,C1301,C1302,C4705,C5950,C5951,C1401,C1615,C1621,C1622,C1626,C1631,C1632,C1641,C1703,C1722,C1732,C2133,C3102,C3308,C4115,C4116,C4117,C1501,C5911,C5912",Capacitor
108,ABA105MCA0CX,ABA105MCA0C0,GRM033R60J105M,MURATA,"电容,Capacitor,1 uF,±20 %,6.3 V,X5R,0201,0.65×0.35×0.35 mm,GRM033R60J105M,MURATA",131,"C1601,C1602,C1603,C1604,C1605,C1606,C1607,C1608,C1610,C1612,C1613,C1614,C1616,C1617,C1620,C1623,C1624,C1625,C1627,C1628,C1629,C1630,C1633,C1634,C1635,C1636,C1637,C1638,C1639,C1640,C1642,C1643,C1650,C1651,C1652,C1653,C1654,C1704,C1706,C1707,C1708,C1709,C1710,C1711,C1712,C1713,C1714,C1715,C1716,C1717,C1718,C1719,C1720,C1721,C1723,C1724,C1725,C1727,C1728,C1729,C1730,C1733,C1734,C1735,C1736,C1737,C1738,C1740,C1741,C2101,C2102,C2103,C2104,C2105,C2106,C2107,C2108,C2109,C2120,C2121,C2122,C2123,C2124,C2125,C2126,C2127,C2128,C2129,C2130,C2131,C2132,C3317,C3318,C3320,C3322,C3323,C3324,C3325,C3326,C3328,C3329,C3331,C3332,C3333,C4627,C4638,C3409,C4501,C4523,C4524,C4526,C4530,C4536,C4537,C5103,C5902,C5904,C5913,C1611,C1705,C1731,C3309,C4106,C4108,C4111,C4112,C4114,C4118,C4511,C4544,C4535",Capacitor
109,ABA225MCB0CX,ABA225MCB0C4,CL05A225MQ5NNNC,SAMSUNG,"电容,Multilayer Capacitor,2.2uF,±20%,6.3V,X5R,0402,,CL05A225MQ5NNNC,SAMSUNG,,",3,"C4218,C4233,C4701",Capacitor
110,ABA225MCAXDX,ABA225MCAXD9,GRM033R60J225ME47D,MURATA,"电容,Capacitor,2.2 uF,±20 %,6.3 V,X5R,0201,0.69×0.39×0.39 mm,GRM033R60J225ME47D,MURATA",2,"C1701,C1702",
111,ABA475MCB0CX,ABA475MCB0C0,GRM155R60J475ME87D,MURATA,"电容,Capacitor,4.7 uF,±20 %,6.3 V,X5R,0402,1.15×0.65×0.65 mm,GRM155R60J475ME87D,MURATA",15,"C4217,C4220,C4303,C4311,C4321,C4353,C4355,C3410,C3412,C3319,C3321,C4522,C4540,C4628,C4640",Capacitor
112,ABA106MCC0CX,ABA106MCC0C4,CL10A106MQ8NNNC,Samsung,"电容,Capacitor,10uF,±20%,6.3V,X5R,0603,CL10A106MQ8NNNC,Samsung,",8,"C3303,C3304,C3305,C3306,C3307,C3327,C3411,C5914",Capacitor
113,ABA106MCB0CX,ABA106MCB0C0,GRM155R60J106ME44,MURATA,"普通电容,Capacitor,10 uF,±20 %,6.3 V,X5R,0402,1.2×0.7×0.7 mm,GRM155R60J106ME44,MURATA",6,"C4107,C4304,C4308,C4547,C4113,C4119",Capacitor
114,ABA226MCC0CX,ABA226MCC0C0,GRM188R60J226MEA0L,MURATA,"电容,Capacitor,22 uF,±20 %,6.3 V,X5R,0603,1.8×1.0×1.0 mm,GRM188R60J226MEA0L,MURATA",28,"C3402,C3404,C3414,C3415,C3417,C4219,C4322,C4352,C4517,C4521,C4703,C5901,C5905,C5915,C2138,C3301,C3302,C3311,C3313,C3316,C3330,C3334,C3335,C3336,C3337,C3312,C3314,C3315",Capacitor
115,ARQ0020002CX,ARQ0020002C1,EVPAWB22AY08,PANASONIC,"侧键开关,Lateral Switch,2 PINs,3.00×2.00×0.60 mm,W/O POST+W/O DIP,N/A",1,K5102,Switch
116,ARQ0030007CX,ARQ0030007C1,EVPAKEC1A,PANASONIC,"侧键开关,Lateral Switch,3 PINs,3.90×2.05×1.60 mm,W/O POST+With DIP,Over PCB 3Dome",1,K5101,Switch
117,ARF0010007CX,ARF0010007C1,818010272,ECT,"天线弹片,Antenna spring,Over PCB,1 PINs,0 mm,3.0×1.5×1.5 mm,W/O POST+W/O DIP,N/A,818010272,ECT",16,"J4201,J4202,J4203,J4204,J4205,J4206,J4401,J4402,J4403,J4404,J4405,J4406,J4601,J4602,J4603,J4604",Spring
118,ARH0240004CX,ARH0240004C1,DX07S024JJ2,JAE,"TYPE C USB连接器,TYPE C USB Connector,Over PCB,24 PINs,0.27 mm,8.94×8.17×3.14 mm,With POST+With DIP,N/A,DX07S024JJ2,JAE",1,J5902,Connector
119,ARH0040024CX,ARH0040024C1,,GLGNET,"USB Connector,Over PCB,4 PINs,2 mm,15.0×14.5×8.65 mm,W/O POST+With DIP,GLGNET",1,J5901,Connector
120,ARD0060131CX,ARD0060131C1,03-062144R,LETCON,"Nano SIM卡连接器,Nano SIM Card Connector,With Bridge,6 PINs,2.54 mm,12.35×9.80×1.30 mm,W/O POST+W/O DIP,反插侦测Pin不触发,03-062144R,LETCON",1,J5101,Connector
121,ARE0040020CX,ARE0040020C1,KBC24S3H541R,KEIRAKU,"电池连接器,battery connector,Over PCB,4.0 PINs,3.1 mm,12.4x4.3xH5.4mm,With POST+W/O DIP,N/A,KBC24S3H541R,KEIRAKU",1,J3402,Connector
121A,#ARE0040021CX,ARE0040021C1,WKBAV006-G41P,JTCONN,"电池连接器,battery connector,Over PCB,4.0 PINs,3.1 mm,12.4x4.3xH5.4mm,With POST+W/O DIP,N/A,WKBAV006-G41P,JTCONN",1,J3402,Connector
122,ARF0060003CX,ARF0060003C1,ECT818000163,ECT,"RF连接器,RF switch,Over PCB,6.0 PINs,2.32 mm,2.5×2.5×H1.5mm,W/O POST+W/O DIP,N/A,ECT818000163,ECT",6,"J4207,J4208,J4407,J4408,J4605,J4606",Connector
123,BKC1M30004CX,BKC1M30004C1,,LAIMU,"WIFI Shielding,WIFI12,Tinplate,0.2 mm,27.85x10.6x1.45mm,Without Tape,LAIMU",1,SH6101,Shielding
124,BKB1M30001CX,BKB1M30001C1,,LAIMU,"BB Shielding,WIFI12,Tinplate,0.2 mm,50.85x28.1x1.45mm,Without Tape,LAIMU ",1,SH6102,Shielding
125,BKC1M30001CX,BKC1M30001C1,,LAIMU,"WTR3925 SHIELDING,WIFI12,Tinplate,0.2 mm,39.35x15.5x1.45 mm,Without Tape,LAIMU",1,SH6103,Shielding
126,BKC1M30002CX,BKC1M30002C1,,LAIMU,"CHARGE SHIELDING,WIFI12,Tinplate,0.2 mm,23.25X18.2X1.45 mm,Without Tape,LAIMU",1,SH6104,Shielding
127,BKC1M30003CX,BKC1M30003C1,,LAIMU,"WTR4905 SHIELDING,WIFI12,Tinplate,0.2 mm,18.65X16.4X1.45mm,Without Tape,LAIMU",1,SH6105,Shielding
128,BKA1M30000CX,BKA1M30000C1,,LAIMU,"RF_PA Shielding,WIFI12,Tinplate,0.15 mm,16.6x13.25x1.45 mm,Without Tape,LAIMU",1,SH6106,Shielding
129,BKB1M30000CX,BKB1M30000C1,,LAIMU,"BB_power Shielding,WIFI12,Tinplate,0.2 mm,22.5x11.2x1.45 mm,Without Tape,LAIMU",1,SH6107,Shielding
130,BKC1M30000CX,BKC1M30000C1,,LAIMU,"WIFI POWER SHIELDING,WIFI12,Tinplate,0.2 mm,22.5x10.4x1.45 mm,Without Tape,LAIMU",1,SH6108,Shielding
131,BKC1M30005CX,BKC1M30005C1,,LAIMU,"PMU shielding,WIFI12,0.20mm tinplate,0.20 mm,22.35×17.15×1.45 mm,Without Tape,LAIMU ",1,SH6110,Shielding
132,CPE0000004CX,CPE0000004C0,,,"PCBA标签纸,PCBA Label,,20×11mm,,,,,, ",1,,Label
<end>,,,,,,,,
,,,,,,,,
,,,,,,,,
